classtype,flagno,storeno,storename,undertaker,storeaddr,contacttel,taxno
1,9565,O000289,桃苗汽車股份有限公司-南新竹所,盧建成,300新竹市經國路三段123號,03-5303388,
1,9564,R000422,南都汽車股份有限公司永大營業所,郭俊麟,710台南市永康區永大路三段302號,06-2014689,
1,9564,O000289,桃苗汽車股份有限公司-南新竹所,盧建成,300新竹市經國路三段123號,03-5303388,
1,9564,D000331,南都汽車股份有限公司西台南營業所,杜武雄,700台南市臺南市安平區永華路二段868號,06-2989191,
1,9563,R000422,南都汽車股份有限公司永大營業所,郭俊麟,710台南市永康區永大路三段302號,06-2014689,
1,9563,R000418,南都汽車股份有限公司新營營業所,李國安,730臺南市新營區長榮路二段1077號,06-6565136,
1,950050續,D000040,大同綜合訊電股份有限公司台南金華門市,李建興,702臺南市南區金華路2段117號,2630082,
1,9462,F002158,建榮機車行,程樹欉,220新北市板橋區四川路二段29號,02-89668703,
1,9462,D000342,KYMCO_尚德車業行,蔣紹銘,701臺南市東區崇善路200號,06-2696255,
1,9462,C000140,宏達機車行,鄧尊仁,202基隆市中正區新豐街259號,02-24697638,
1,9361,D000400,和順機車行,陳永大,701臺南市東區東安路41號,062378911,
1,9361,D000394,昶興機車行,杜淵裕,701臺南市東區裕豐街184號,062003206,
1,9361,C000186,寬達機車行,黃寬達,204基隆市安樂區安樂路一段121號1樓,02-24300169,
1,9361,C000170,順利機車行,張順利,202基隆市中正區北寧路368號,02-24695155,
1,9360,Q000224,明治機車行,郭明治,613嘉義縣朴子市內厝里北通路120號,05-3796280,
1,9360,N000385,全陽機車行,趙偉勝,500彰化縣彰化市光復路33號,04-7384997,
1,9360,D000394,昶興機車行,杜淵裕,701臺南市東區裕豐街184號,062003206,
1,9360,C000186,寬達機車行,黃寬達,204基隆市安樂區安樂路一段121號1樓,02-24300169,
1,929,V000001,台東縣農會生鮮超市,李俊德,950臺東縣臺東市新生路195號,089-342701#103,
1,929,H000017,大潤發流通事業股份有限公司八德分公司,林怡君,334桃園市八德區介壽路二段148號,03-3711133#105,
1,929,F000015,大潤發流通事業股分有限公司中和分公司景平店,郭玲麗,235新北市中和區景平路182號地下1樓,02-29436000#501,
1,929,B000001,遠百企業股份有限公司台中復興分公司,蔡旭仁,402臺中市南區復興路一段359號,04-22658686,
1,929,A000078,大潤發流通事業股份有限公司南湖分公司,馬淼松,114臺北市內湖區舊宗路一段188號,02-27905050#501,
1,929,A000002,遠百企業股份有限公司忠孝分公司,王榮華,110臺北市信義區忠孝東路五段297號,02-25289388,
1,9213,K000249,大明機車行(苗),李奕霆,357苗栗縣通霄鎮通西里中山路25鄰197號,037-752217,
1,9213,H001325,裕益機車行,邱繼益,334桃園市八德區介壽路一段930號,03-3622122,
1,9213,F002158,建榮機車行,程樹欉,220新北市板橋區四川路二段29號,02-89668703,
1,9213,D000401,新益昌車行,邱聖佳,701臺南市東區崇德路659號之10,06-2681111,
1,9213,C000171,銘信機車行,吳再銘,201基隆市信義區信二路252號,02-24282689,
1,9213,C000139,長欣機車行,吳長駿,202基隆市中正區新豐街401號1樓,02-24693961,
1,9212,C000145,文禾機車行,陳碧玉,200基隆市仁愛區南榮路63號,02-24250076,
1,9212,C000140,宏達機車行,鄧尊仁,202基隆市中正區新豐街259號,02-24697638,
1,9211,H001325,裕益機車行,邱繼益,334桃園市八德區介壽路一段930號,03-3622122,
1,9211,D000401,新益昌車行,邱聖佳,701臺南市東區崇德路659號之10,06-2681111,
1,9211,C000171,銘信機車行,吳再銘,201基隆市信義區信二路252號,02-24282689,
1,9210,F002158,建榮機車行,程樹欉,220新北市板橋區四川路二段29號,02-89668703,
1,9210,D000401,新益昌車行,邱聖佳,701臺南市東區崇德路659號之10,06-2681111,
1,9210,C000199,名豐輪業有限公司,簡金旺,200基隆市仁愛區南榮路57號,02-24223795,
1,9210,C000140,宏達機車行,鄧尊仁,202基隆市中正區新豐街259號,02-24697638,
1,9210,C000139,長欣機車行,吳長駿,202基隆市中正區新豐街401號1樓,02-24693961,
1,9203,P000237,南都汽車股份有限公司斗六營業所,劉勝和,640斗六市大學路二段9號,05-5346511,
1,9120,M000227,欣農發實業股份有限公司,李佩真,557南投縣竹山鎮延正里江西路38-2號,049-2631234,
1,8992,N000422,伸益機車有限公司,柯順記,509彰化縣伸港鄉新港村新港路119-1號,04-7981215,
1,8992,N000354,良美機車企業行,王芷妍,502彰化縣芬園鄉芬草路二段159號,049-2522810,
1,8992,C000188,宏堂機車行,洪炳堂,205基隆市暖暖區東碇路538號,02-24585656,
1,8992,C000180,明達機車行,江錫冠,206基隆市七堵區明德二路15之21號,02-24513855,
1,8992,C000150,昌億機車行,吳金波,204基隆市安樂區安一路207號,02-24237417,
1,8956,G000008,喜互惠生鮮超市宜興店,曾婉真,260宜蘭縣宜蘭市宜興路一段273號,03-9356999,
1,8954,G000008,喜互惠生鮮超市宜興店,曾婉真,260宜蘭縣宜蘭市宜興路一段273號,03-9356999,
1,8917,R000031,大同綜合訊電股份有限公司-大同3C_鹽水門市,詹政宏,737臺南市鹽水區朝琴路130號1樓A棟,06-6522309,
1,8915,R000031,大同綜合訊電股份有限公司-大同3C_鹽水門市,詹政宏,737臺南市鹽水區朝琴路130號1樓A棟,06-6522309,
1,8907,R000449,孟進車業行,陳信言,712臺南市新化區中山路260號1F,065907467,
1,8907,R000434,YAMAHA_峻侑機車行,林振邦,710臺南市永康區中山路209號,06-2024367,
1,8907,N000360,穩發車業行,楊來發,514彰化縣溪湖鎮彰水路３段４５６、４５８號,04-8855973,
1,8907,N000352,金馬機車行,李炳富,500彰化縣彰化市中山路２段549號1.2樓,04-7223724,
1,8907,N000345,泉興機車股份有限公司,呂嘉甫,505彰化縣鹿港鎮彰鹿路８段２０號１樓,04-7772363,
1,8907,H001358,和昇機車行,游孟昌,324桃園市平鎮區金陵路240號1樓,4581191,
1,8907,C000186,寬達機車行,黃寬達,204基隆市安樂區安樂路一段121號1樓,02-24300169,
1,8907,C000170,順利機車行,張順利,202基隆市中正區北寧路368號,02-24695155,
1,8906,N000374,信源車業有限公司,陳國仁,520彰化縣田中鎮員集路一段915號,04-8742658,
1,8906,C000188,宏堂機車行,洪炳堂,205基隆市暖暖區東碇路538號,02-24585656,
1,8906,C000159,新發機車行,蕭定輔,203基隆市中山區西定路299號,02-24226594,
1,8905,N000345,泉興機車股份有限公司,呂嘉甫,505彰化縣鹿港鎮彰鹿路８段２０號１樓,04-7772363,
1,8905,K000290,冠榮機車行,曾淑觀,360苗栗縣苗栗市福麗里6鄰至公路228號1樓,037-320697,
1,8905,K000287,大弘車業商行,佘秀嬌,351苗栗縣頭份市民族路358號,037-680218,
1,8905,K000283,泉盛車行,林隆泉,363苗栗縣公館鄉五谷村12鄰51號,037-226804,
1,8905,K000281,良友機車行,徐文良,351苗栗縣頭份市成功里10鄰建國路191號1樓,037-664004,
1,8905,K000278,永宏機車行,吳煥榮,351苗栗縣頭份市新華里12鄰中正一路74號,037-687549,
1,8905,K000273,明輪機車行,楊珠蓮,356苗栗縣後龍鎮大庄里14鄰成功路116號,037-727543,
1,8905,C000186,寬達機車行,黃寬達,204基隆市安樂區安樂路一段121號1樓,02-24300169,
1,8905,C000170,順利機車行,張順利,202基隆市中正區北寧路368號,02-24695155,
1,8904,N000420,進昌機車行,李文修,500彰化縣彰化市延平里大埔路586號,04-7115269,
1,8904,N000375,冠緯車業有限公司,黃仲裕,510彰化縣員林市大同路２段３４１﹒３４３﹒３４５號,04-8323040,
1,8904,K000285,台豐機車行,張日奎,369苗栗縣卓蘭鎮新厝里中正路15號,042-5893198,
1,8904,K000271,錦達機車行,洪淑美,358苗栗縣苑裡鎮山腳里7鄰山腳167號,037-740467,
1,8904,K000269,永亨輪業有限公司,林錦洲,357苗栗縣通霄鎮平元里19鄰南和路一段5號,037-756888,
1,8904,H001360,權鴻機車行,鄒漢宗,324桃園市平鎮區復旦路2段193號1樓,4925460,
1,8904,C000180,明達機車行,江錫冠,206基隆市七堵區明德二路15之21號,02-24513855,
1,8904,C000159,新發機車行,蕭定輔,203基隆市中山區西定路299號,02-24226594,
1,8903,P000327,全翔機車行,鄭譡德,640雲林縣斗六市成功路319號,05-5338956,
1,8903,N000370,泰安機車行,郭陳淑花,505彰化縣鹿港鎮民權路２７號,04-7222030,
1,8903,N000352,金馬機車行,李炳富,500彰化縣彰化市中山路２段549號1.2樓,04-7223724,
1,8903,K000289,永興車業行,謝文輝,360苗栗縣苗栗市清華里6鄰為公路161號,037-270102,
1,8903,K000288,敬悅機車行,湯仁均,360苗栗縣苗栗市恭敬里信義街17號1樓,037-359290,
1,8903,K000283,泉盛車行,林隆泉,363苗栗縣公館鄉五谷村12鄰51號,037-226804,
1,8903,K000282,騰翔機車行,黃謝鳳垣,353苗栗縣南庄鄉東村9鄰中正路82號,037-822222,
1,8903,K000281,良友機車行,徐文良,351苗栗縣頭份市成功里10鄰建國路191號1樓,037-664004,
1,8903,K000278,永宏機車行,吳煥榮,351苗栗縣頭份市新華里12鄰中正一路74號,037-687549,
1,8903,K000275,楓城機車行,林慶城,356苗栗縣後龍鎮北龍里1鄰中華路60-16號,037-722660,
1,8903,K000273,明輪機車行,楊珠蓮,356苗栗縣後龍鎮大庄里14鄰成功路116號,037-727543,
1,8903,K000272,明村機車行,羅明村,358苗栗縣苑裡鎮苑南里2鄰建國路5號1樓,037-865530,
1,8903,K000270,鴻億輪業行,張淑姿,357苗栗縣通霄鎮通西里30鄰信義路61號,037-754889,
1,8903,D000335,SYM_家偉車業,吳家偉,708臺南市安平區建平七街197號,06-2934453,
1,8903,C000172,新宏富車業有限公司,林宏波,201基隆市信義區東信路150號,02-24654037,
1,8902,N000434,新發順機車行,陳条修,528彰化縣芳苑鄉王功村芳漢路王功段506號,04-8932283,
1,8902,N000433,新永順機車行,陳英斌,528彰化縣芳苑鄉建平村二溪路草二段612號,04-8862368,
1,8902,N000431,吉益機車行,陳淑玲,516彰化縣埔鹽鄉角樹村員鹿路一段139-1號,04-8852920,
1,8902,N000428,昌益機車行,蔡文燦,523彰化縣埤頭鄉合興村彰水路三段439號；443巷4號,04-8922098,
1,8902,N000374,信源車業有限公司,陳國仁,520彰化縣田中鎮員集路一段915號,04-8742658,
1,8902,K000286,信達機車行,鍾少賢,364苗栗縣大湖鄉大湖村1鄰中山路72號,037-995220,
1,8902,K000284,宏輪機車行,陳永德,364苗栗縣大湖鄉明湖村6鄰中原路24號,037-991526,
1,8902,K000280,金泰機車行,黃文星,351苗栗縣頭份市新華里中正一路11鄰28號,037-675959,
1,8902,K000279,全輪機車行,傅阿蘭,352苗栗縣三灣鄉三灣村中正路198號,037-831038,
1,8902,K000276,增興機車行,張文宗,350苗栗縣竹南鎮竹南里7鄰光復路80號,037-475666,
1,8902,C000150,昌億機車行,吳金波,204基隆市安樂區安一路207號,02-24237417,
1,8822,C000138,杰奇機車行,林文奇,205基隆市暖暖區八西里過港路252號1樓,02-24560719,
1,8821,K000254,欣原合機車行,朱吉章,350苗栗縣竹南鎮大營路236號,037-466834,
1,8821,K000253,百發車行,劉炎道,360苗栗縣苗栗市青苗里中山路586號,037-350888,
1,8821,K000243,久順機車有限公司,林煥雄,351苗栗縣頭份市雙十街27號,037-663293,
1,8821,K000240,進誠車業股份有限公司,曾國森,363苗栗縣公館鄉館中村近光路95-1號,037-222757,
1,8821,K000238,昌泰機車行,羅春瑛,360苗栗縣苗栗市福星里嘉福街25號,037-262091,
1,8821,H001356,冠億車業,羅振嘉,324桃園市平鎮區金陵路312號1樓,4683811,
1,8819,N000347,宏隆機車行,梁朝期,526彰化縣二林鎮新生路９４號,04-8960611,
1,8819,K000268,德山車行,郭銘忠,358苗栗縣苑裡鎮中正里10鄰43號,037-865811,
1,8819,K000242,益來機車行,黃運來,350苗栗縣竹南鎮龍鳳里建國路440號,037-471610,
1,8819,K000237,東昌機車行,王秀茂,358苗栗縣苑裡鎮社苓里9鄰106-1號,037-742062,
1,8819,K000236,誌誠輪業股份有限公司,吳正賢,350苗栗縣竹南鎮博愛街81號,037-466505,
1,8819,K000226,順興機車行,吳進欽,360苗栗縣苗栗市勝利里31鄰新東街160號,037-355930,
1,8819,E000732,鈞慶車業股份有限公司,莊素貞,802高雄市苓雅區武營路437號,07-7527001,
1,8817,N000367,昆益機車材料行,林昆揚,500彰化縣彰化市大埔路７２１號,04-7113272,
1,8817,N000362,二水永興有限公司,黃明欽,530彰化縣二水鄉員集路３段５９４號,04-8792451,
1,8817,N000357,安詮車業有限公司,蘇秀勤,503彰化縣花壇鄉花壇街２號１、２樓,04-7868787,
1,8817,K000251,尚麒機車行,朱國禎,350苗栗縣竹南鎮光復路345號,037-481530,
1,8817,K000242,益來機車行,黃運來,350苗栗縣竹南鎮龍鳳里建國路440號,037-471610,
1,8802,K000216,冠軍建材竹苗展示中心(偉訊股份有限公司),郭百良,350苗栗縣竹南鎮大埔里13鄰竹篙厝200號.,03-7561761#177,
1,8800,K000216,冠軍建材竹苗展示中心(偉訊股份有限公司),郭百良,350苗栗縣竹南鎮大埔里13鄰竹篙厝200號.,03-7561761#177,
1,8799,N000380,進達車業有限公司,陳朝勝,512彰化縣永靖鄉瑚璉路３６５號,04-8239110,
1,8799,N000379,進程車業有限公司,黃寶玉,506彰化縣福興鄉沿海路３段１７３，１７５號,04-7702273,
1,8799,N000376,進成機車行,徐大杉,"510彰化縣員林市崙雅里 崙雅巷１－６號",04-8313271,
1,8799,N000366,順圓利機車行,黃寶來,509彰化縣伸港鄉中興路２段２９８號１樓,04-7981390,
1,8799,N000342,谷村車業有限公司,林谷村,508彰化縣和美鎮東溪路４６號,04-7355185,
1,8799,J000264,榮盛輪業,黃清驛,302新竹縣竹北市三民路190號,03-5552238,
1,8799,D000401,新益昌車行,邱聖佳,701臺南市東區崇德路659號之10,06-2681111,
1,8798,N000377,芳裕機車行,徐振富,510彰化縣員林市育英路１５５號１樓﹒地下１樓,04-8340396,
1,8798,N000350,昌盛車業有限公司,林昌敏,524彰化縣溪州鄉溪林路４０號,04-8895020,
1,8798,N000346,連瑩機車商行,粘文寬,506彰化縣福興鄉沿海路５段１８６號,04-7787018,
1,8798,N000343,瑞挺車業行,陳勇兆,500彰化縣彰化市中山路二段四○一號,04-7241930,
1,8797,D000402,巨新車業有限公司,蔡佳洲,701臺南市東區東門路二段35號,062369888,
1,8796,N000380,進達車業有限公司,陳朝勝,512彰化縣永靖鄉瑚璉路３６５號,04-8239110,
1,8796,N000379,進程車業有限公司,黃寶玉,506彰化縣福興鄉沿海路３段１７３，１７５號,04-7702273,
1,8796,N000376,進成機車行,徐大杉,"510彰化縣員林市崙雅里 崙雅巷１－６號",04-8313271,
1,8796,N000366,順圓利機車行,黃寶來,509彰化縣伸港鄉中興路２段２９８號１樓,04-7981390,
1,8796,N000364,銓湧機車有限公司,賴利湧,508彰化縣和美鎮彰美路六段63號,04-7553145,
1,8796,N000342,谷村車業有限公司,林谷村,508彰化縣和美鎮東溪路４６號,04-7355185,
1,8796,K000241,金祥機車行,彭俊欽,357苗栗縣通霄鎮平安里中正路275號,037-752646,
1,8796,H001359,聖協車業行,劉秀美,324桃園市平鎮區文化街196號,4010530,
1,8796,D000401,新益昌車行,邱聖佳,701臺南市東區崇德路659號之10,06-2681111,
1,8795,K000249,大明機車行(苗),李奕霆,357苗栗縣通霄鎮通西里中山路25鄰197號,037-752217,
1,8795,D000401,新益昌車行,邱聖佳,701臺南市東區崇德路659號之10,06-2681111,
1,8794,R000443,振富車業有限公司,曾治富,710臺南市永康區民族路483號,062710842,
1,8794,N000377,芳裕機車行,徐振富,510彰化縣員林市育英路１５５號１樓﹒地下１樓,04-8340396,
1,8794,N000347,宏隆機車行,梁朝期,526彰化縣二林鎮新生路９４號,04-8960611,
1,8794,K000268,德山車行,郭銘忠,358苗栗縣苑裡鎮中正里10鄰43號,037-865811,
1,8794,K000251,尚麒機車行,朱國禎,350苗栗縣竹南鎮光復路345號,037-481530,
1,8794,K000242,益來機車行,黃運來,350苗栗縣竹南鎮龍鳳里建國路440號,037-471610,
1,8794,E000732,鈞慶車業股份有限公司,莊素貞,802高雄市苓雅區武營路437號,07-7527001,
1,8793,D000345,KYMCO_鑫峰車業行,鄭任峰,701臺南市東區裕農路868-10號,06-3319589,
1,8792,N000349,東隆機車有限公司,徐錫恩,514彰化縣溪湖鎮員鹿路二段526號,04-8810261,
1,8792,K000226,順興機車行,吳進欽,360苗栗縣苗栗市勝利里31鄰新東街160號,037-355930,
1,8695,R000031,大同綜合訊電股份有限公司-大同3C_鹽水門市,詹政宏,737臺南市鹽水區朝琴路130號1樓A棟,06-6522309,
1,8688,N000004,興業建設股份有限公司員林分公司,陳奕輝,513彰化縣埔心鄉瓦南村中山路319號,04-8315058#501,
1,8631,R000037,大同綜合訊電股份有限公司-大同3C_白河服務站,蘇崑山,732臺南市白河區中山路140號,06-6852745,
1,8630,N000004,興業建設股份有限公司員林分公司,陳奕輝,513彰化縣埔心鄉瓦南村中山路319號,04-8315058#501,
1,8613,N000258,7-11秀水門市,廖培雁,504彰化縣秀水鄉文化街31號.,02-27478711#3961,
1,8613,N000257,7-11新安可門市,廖培雁,514彰化縣溪湖鎮西環路373號,02-27478711#3961,
1,8613,N000242,7-11田中門市,趙佩玟,520彰化縣田中鎮福安路144.146號,02-27478711#3965,
1,8613,N000238,7-11彰強門市,廖培雁,500彰化縣彰化市五權里自強南路80-11號1樓,02-27478711#3961,
1,8613,N000236,7-11欣二林門市,廖培雁,526彰化縣二林鎮斗苑路5段109.111.113號1樓,02-27478711#3961,
1,8613,N000218,7-11明道站門市,廖培雁,524彰化縣溪州鄉中山路4段627號,02-27478711#3961,
1,8613,N000216,7-11金佳旺門市,廖培雁,511彰化縣社頭鄉中山路一段516號,02-27478711#3961,
1,8613,N000214,7-11加吉利門市,廖培雁,520彰化縣田中鎮中正路276號,02-27478711#3961,
1,8613,N000210,7-11新社頭門市,廖培雁,511彰化縣社頭鄉員集路二段279號,02-27478711#3961,
1,8613,N000206,7-11伸東門市,趙佩玟,509彰化縣伸港鄉七嘉村中華路519號,02-27478711#3965,
1,8613,N000200,7-11彰鐵門市,廖培雁,500彰化縣彰化市三民路1號,02-27478711#3961,
1,8613,N000186,7-11瓦瑤厝門市,廖培雁,513彰化縣埔心鄉員鹿路一段126.128.130號,02-27478711#3961,
1,8613,N000177,7-11伸冠門市,廖培雁,509彰化縣伸港鄉大同村中興路二段316號,02-27478711#3961,
1,8613,N000174,7-11惠明門市,廖培雁,510彰化縣員林市惠明街51號,02-27478711#3961,
1,8613,N000172,7-11儒林門市,廖培雁,526彰化縣二林鎮北平里仁愛路376號,02-27478711#3961,
1,8613,N000168,7-11鹿棋門市,廖培雁,505彰化縣鹿港鎮溝墘里鹿和路3段438號,02-27478711#3961,
1,8613,N000167,7-11管嶼門市,廖培雁,506彰化縣福興鄉沿海路三段69號,02-27478711#3961,
1,8613,N000164,7-11彰辭門市,廖培雁,500彰化縣彰化市忠孝里辭修路292號,02-27478711#3961,
1,8613,N000162,7-11美皇門市,廖培雁,515彰化縣大村鄉山腳路72號,02-27478711#3961,
1,8613,N000159,7-11芬草門市,廖培雁,502彰化縣芬園鄉茄荖村芬草路一段607號,02-27478711#3961,
1,8613,N000146,7-11家和門市,廖培雁,510彰化縣員林市員集路二段188號1樓,02-27478711#3961,
1,8613,N000144,7-11曉陽門市,廖培雁,500彰化市民族路287號,02-27478711#3961,
1,8613,N000138,7-11得利門市,廖培雁,500彰化縣彰化市中華西路252號,02-27478711#3961,
1,8613,N000136,7-11智富門市,廖培雁,500彰化縣彰化市萬安里長順街170號,02-27478711#3961,
1,8613,N000135,7-11金順利門市,廖培雁,523彰化縣埤頭鄉和豐村斗苑東路87、89號,02-27478711#3961,
1,8613,N000131,7-11斗苑門市,廖培雁,523彰化縣埤頭鄉埤頭村斗苑東路608號,02-27478711#3961,
1,8613,N000126,7-11鶴鳴門市,廖培雁,504彰化縣秀水鄉鶴鳴村彰鹿路362號,02-27478711#3961,
1,8613,N000124,7-11新大埔門市,廖培雁,500彰化縣彰化市大埔路485巷37號,02-27478711#3961,
1,8613,N000122,7-11美溪門市,廖培雁,514彰化縣溪湖鎮大溪路2段451號,02-27478711#3961,
1,8613,N000120,7-11創新門市,廖培雁,505彰化縣鹿港鎮順興里復興路595號1樓,02-27478711#3961,
1,8613,N000119,7-11秀鴻門市,廖培雁,504彰化縣秀水鄉埔崙村民生街960號,02-27478711#3961,
1,8613,N000116,7-11金福興門市,廖培雁,506彰化縣福興鄉西勢村員鹿路2段202號,02-27478711#3961,
1,8613,N000111,7-11大竹門市,廖培雁,500彰化縣彰化市大竹里彰南路2段181號,02-27478711#3961,
1,8613,N000108,7-11和峰門市,廖培雁,508彰化縣和美鎮道周路120號,02-27478711#3961,
1,8613,N000105,7-11馬上發門市,廖培雁,508彰化縣和美鎮彰美路6段2號,02-27478711#3961,
1,8613,N000103,7-11鹿和門市,廖培雁,505彰化縣鹿港鎮鹿和路一段273.275號.,02-27478711#3961,
1,8613,N000100,7-11德美門市,廖培雁,508彰化縣和美鎮德美路700號,02-27478711#3961,
1,8613,N000099,7-11口庄門市,廖培雁,503彰化縣花壇鄉中山路2段649.651號,02-27478711#3961,
1,8613,N000098,7-11永靖門市,廖培雁,512彰化縣永靖鄉永坡路2號,02-27478711#3961,
1,8613,N000094,7-11鹿港門市,廖培雁,505彰化縣鹿港鎮中山路257號,02-27478711#3961,
1,8613,N000091,7-11埔鹽門市,廖培雁,516彰化縣埔鹽鄉彰水路二段36.38號,02-27478711#3961,
1,8613,N000088,7-11葉大門市,廖培雁,515彰化縣大村鄉山腳路112號.,02-27478711#3961,
1,8613,N000087,7-11田尾門市,廖培雁,522彰化縣田尾鄉光復路二段752號.,02-27478711#3961,
1,8613,N000084,7-11員東門市,廖培雁,510彰化縣員林市大同路1段205號1樓,02-27478711#3961,
1,8613,N000082,7-11豐昌門市,廖培雁,510彰化縣員林市中正路160.162號,02-27478711#3961,
1,8613,N000081,7-11秀傳門市,廖培雁,500彰化市中山路1段558.560號,02-27478711#3961,
1,8613,N000080,7-11彰工門市,廖培雁,500彰化縣彰化市進德路27號1樓,02-27478711#3961,
1,8613,N000076,7-11彰基門市,廖培雁,526彰化縣二林鎮大成路一段571號.,02-27478711#3961,
1,8613,N000071,7-11芬園門市,廖培雁,502彰化縣芬園鄉社口村信義路5號,02-27478711#3961,
1,8613,G000318,全聯實業股份有限公司宜蘭礁溪分公司,林玉華,262宜蘭縣礁溪鄉六結村育才路１號１樓,03-9889932,
1,8613,G000317,全聯實業股份有限公司宜蘭北門分公司,方嬿婷,260宜蘭縣宜蘭市中山路３段95、97號１樓,03-9315081,
1,8613,G000315,全聯實業股份有限公司宜蘭五結分公司,戴漢賓,268宜蘭縣五結鄉五結村五結路２段４４８號１樓,03-9601380,
1,8613,G000313,全聯實業股份有限公司羅東中正分公司,俞佳芬,265宜蘭縣羅東鎮南昌里中正南路88、90號１樓,03-9559203,
1,8613,G000312,全聯實業股份有限公司宜蘭冬山分公司,林麗芳,269宜蘭縣冬山鄉香和村冬山路１段８３７號１樓,03-9596821,
1,8613,G000311,全聯實業股份有限公司羅東純精分公司,楊偉鈞,265宜蘭縣羅東鎮賢文里純精路２段２３０號１樓,03-9566151,
1,8608,C000165,北都汽車股份有限公司大武崙分公司,高忠義,204基隆市安樂區武訓街92號,02-24337366,
1,8489,O000289,桃苗汽車股份有限公司-南新竹所,盧建成,300新竹市經國路三段123號,03-5303388,
1,8489,E000683,高都汽車楠梓營業所,陳坤祿,811高雄市楠梓區楠陽路139號,07-3520501,
1,5610,F002096,成和機車有限公司,林錦圳,234新北市永和區得和路313號,29288538,
1,5610,F002072,東茂車業有限公司,許東茂,235新北市中和區中山路2段475號,22223327,
1,5610,F002069,霸輪機車行,吳嘉斌,231新北市新店區安和路3段169號,29473561,
1,5610,F002064,佳順機車行,李欣怡,235新北市中和區南山路543號,29464366,
1,5610,D000371,SYM_世國車業,丁世國,702臺南市南區建南路261號,06-2615837,
1,5610,D000355,KYMCO_鋐昇機車行,陳財河,701臺南市東區崇道路108號,06-3353699,
1,5610,D000344,KYMCO_宏晟機車行,劉賢義,708臺南市安平區永華四街25巷6號,06-2952958,
1,5609,S000390,和昇機車行,鄭忠榮,830高雄市鳳山區五甲二路674號,07-8211042,
1,5609,R000408,SYM_全芳機車行,黃駿宏,730臺南市新營區中山路173號,06-6333076,
1,5609,P000244,慶池機車行,李建蒲,630雲林縣斗南鎮西岐里延平路2段160號1樓,05-5972787,
1,5609,H001264,大展機車行,劉純鉉,326桃園市楊梅區秀才路8號,4752326,
1,5609,H001185,今盛機車行,李明峰,338桃園市蘆竹區南竹路2段119號,03-3226103,
1,5609,H001137,榮大車業行,黃聖貴,328桃園市觀音區大同村中山路2段588號,03-4981366,
1,5609,F002034,明興機車行,李泰全,220新北市板橋區長江路一段359號,22567976,
1,5609,D000363,SYM_常縢機車行,王偉齊,704臺南市北區西門路3段182號,06-2224263,
1,5609,D000362,SYM_佳璋機車行,蔡佳璋,702臺南市南區文南路272號,06-2642288,
1,5608,S000393,領導機車行,蘇明哲,830高雄市鳳山區五甲二路22號,07-7654567,
1,5608,R000416,KYMCO_嘉南機車行,宋志豪,717臺南市仁德區二行一路173號,06-2662772,
1,5608,R000411,SYM_源力機車行,沈世耀,730臺南市新營區民治路148-7號,06-6560871,
1,5608,R000407,SYM_山川機車行,林芳欽,730臺南市新營區民治路176號,06-6570917,
1,5608,P000246,快馬機車行,鐘大為,630雲林縣斗南鎮西岐里大同路一號,05-5974055,
1,5608,H001248,行行者車業,余坤苑,320桃園市中壢區龍慈路233號,03-4669756,
1,5608,D000354,東昀車業有限公司,黃玉玲,702臺南市南區中華西路一段271號,06-2648578,
1,5608,D000344,KYMCO_宏晟機車行,劉賢義,708臺南市安平區永華四街25巷6號,06-2952958,
1,5607,V000114,順億車業行,許永良,958臺東縣池上鄉福原村中山路89號1樓,089-864848,
1,5607,I000168,百合機車行,林韋宏,600嘉義市東區林森東路273號,05-2770352,
1,5607,I000162,慶和機車行,侯建宏,600嘉義市忠孝路6號,05-2226567,
1,5607,H001262,日展輪業有限公司,王葉季枝,326桃園市楊梅區永美路358號,4820168,
1,5607,D000348,KYMCO_見昌車業行,陳秀花,704臺南市北區公園路281號,06-2204058,
1,5606,R000416,KYMCO_嘉南機車行,宋志豪,717臺南市仁德區二行一路173號,06-2662772,
1,5606,R000411,SYM_源力機車行,沈世耀,730臺南市新營區民治路148-7號,06-6560871,
1,5606,R000407,SYM_山川機車行,林芳欽,730臺南市新營區民治路176號,06-6570917,
1,5606,D000344,KYMCO_宏晟機車行,劉賢義,708臺南市安平區永華四街25巷6號,06-2952958,
1,5605,V000129,台東縣輝昌機車行,莊榮昌,961臺東縣成功鎮三民里中華路18號,089-851012,
1,5605,I000178,德勝機車行,方德成,600嘉義市西區民生南路878號,05-2851482,
1,5605,I000168,百合機車行,林韋宏,600嘉義市東區林森東路273號,05-2770352,
1,5605,I000162,慶和機車行,侯建宏,600嘉義市忠孝路6號,05-2226567,
1,5605,I000153,滿金機車行,袁明豪,600嘉義市民生南路570號,05-2350282,
1,5605,H001262,日展輪業有限公司,王葉季枝,326桃園市楊梅區永美路358號,4820168,
1,5605,F002127,永諭車行,張福賢,234新北市永和區文化路105號,29241721,
1,5605,F002112,元宏機車行,呂漢彬,235新北市中和區秀朗路3段74-3號,29481535,
1,5605,F002074,瑞和車業行,鄭煒忠,235新北市中和區景新街230-1號,29403142,
1,5605,F002053,銘汰車業行,李梨珠,220新北市板橋區光武街26號,22521132,
1,5605,D000348,KYMCO_見昌車業行,陳秀花,704臺南市北區公園路281號,06-2204058,
1,5604,R000416,KYMCO_嘉南機車行,宋志豪,717臺南市仁德區二行一路173號,06-2662772,
1,5604,R000411,SYM_源力機車行,沈世耀,730臺南市新營區民治路148-7號,06-6560871,
1,5604,R000408,SYM_全芳機車行,黃駿宏,730臺南市新營區中山路173號,06-6333076,
1,5604,R000407,SYM_山川機車行,林芳欽,730臺南市新營區民治路176號,06-6570917,
1,5467,R000416,KYMCO_嘉南機車行,宋志豪,717臺南市仁德區二行一路173號,06-2662772,
1,5467,R000411,SYM_源力機車行,沈世耀,730臺南市新營區民治路148-7號,06-6560871,
1,5467,R000408,SYM_全芳機車行,黃駿宏,730臺南市新營區中山路173號,06-6333076,
1,5467,R000407,SYM_山川機車行,林芳欽,730臺南市新營區民治路176號,06-6570917,
1,5466,R000416,KYMCO_嘉南機車行,宋志豪,717臺南市仁德區二行一路173號,06-2662772,
1,5466,R000411,SYM_源力機車行,沈世耀,730臺南市新營區民治路148-7號,06-6560871,
1,5466,R000407,SYM_山川機車行,林芳欽,730臺南市新營區民治路176號,06-6570917,
1,5466,I000158,南興車業行,柯保全,600嘉義市南興路182號,05-2161532,
1,5466,H001147,南山機車行,李鴻明,338桃園市蘆竹區南山路三段256號,03-3243488,
1,8488,R000424,南都汽車股份有限公司善化營業所,邱昆炎,741台南市善化區興農路35號,06-5818349,
1,8488,O000289,桃苗汽車股份有限公司-南新竹所,盧建成,300新竹市經國路三段123號,03-5303388,
1,8488,E000683,高都汽車楠梓營業所,陳坤祿,811高雄市楠梓區楠陽路139號,07-3520501,
1,8488,D000332,南都汽車股份有限公司安南營業所,辜勇傑,709台南市安南區海佃路二段155號,06-2475968,
1,8488,D000331,南都汽車股份有限公司西台南營業所,杜武雄,700台南市臺南市安平區永華路二段868號,06-2989191,
1,8487,R000419,南都汽車股份有限公司北台南營業所,楊雨峰,710台南市永康區中正南路214號,06-2531031,
1,8487,Q000203,南都汽車股份有限公司民雄營業所,鐘瑞源,621嘉義縣民雄工業區中山路2-2號,05-2219311,
1,8348,P000289,燦坤實業股份有限公司斗六分公司,閻俊傑,640雲林縣斗六市中堅西路64號,05-5361551,
1,8210,N000421,永晟機車行,葉月珠,500彰化縣彰化市大埔路457號,04-7125958,
1,8210,N000352,金馬機車行,李炳富,500彰化縣彰化市中山路２段549號1.2樓,04-7223724,
1,8209,N000431,吉益機車行,陳淑玲,516彰化縣埔鹽鄉角樹村員鹿路一段139-1號,04-8852920,
1,8209,N000428,昌益機車行,蔡文燦,523彰化縣埤頭鄉合興村彰水路三段439號；443巷4號,04-8922098,
1,8209,N000426,聖豐車業商行,廖麒翔,524彰化縣溪州鄉瓦厝村中山路三段389，391號,04-8896132,
1,8209,H001366,三禾機車行,李佳宸,337桃園市大園區果林村拔子林9之60號1樓,03-3830181,
1,8199,V000127,益利車業行,林清發,950臺東縣台東市自強里新生路303號1樓,(089)324769,
1,8199,V000125,東山機車行,許晉彰,956臺東縣關山鎮月眉里中和路83號,(089)811442,
1,8199,V000123,樺陽車業行,王晃華,950臺東縣台東市鐵花里新生路75號,089-341771,
1,8199,R000429,YAMAHA_允誠機車行,陳宗瑋,710臺南市永康區國光5街41號,06-2736179,
1,8199,N000382,瑞榮車業有限公司,陳家成,504彰化縣秀水鄉民主街２１５號,04-7697242,
1,8199,N000378,日豊車業行,邱東權,510彰化縣員林市新生路２５６號,04-8327029,
1,8199,N000348,德來機車行有限公司,張分淵,500彰化縣彰化市中山路二段555號,04-7227555,
1,8199,E000678,良豐車業行,金中義,807高雄市三民區大豐一路306號,07-3921121,
1,8199,D000380,YAMAHA_宏利車業,陳昆宏,702臺南市南區大成路二段37號,0934079669,
1,8199,D000339,YAMAHA_匯進機車行,林正豪,701臺南市東區崇學路259-3號,06-2691799,
1,8136,A001590,棉花田生機園地重慶門市,方文哲,100臺北市中正區重慶南路1段90號,02-25791777,
1,8136,A001511,棉花田生機園地忠誠門市,方文哲,111臺北市士林區忠誠路2段5號,02-25791777#218,
1,8135,A001586,棉花田生機園地南京龍江門市,方文哲,104臺北市中山區南京東路3段82號,02-25791777#218,
1,8135,A001511,棉花田生機園地忠誠門市,方文哲,111臺北市士林區忠誠路2段5號,02-25791777#218,
1,8130,R000031,大同綜合訊電股份有限公司-大同3C_鹽水門市,詹政宏,737臺南市鹽水區朝琴路130號1樓A棟,06-6522309,
1,8125,R000031,大同綜合訊電股份有限公司-大同3C_鹽水門市,詹政宏,737臺南市鹽水區朝琴路130號1樓A棟,06-6522309,
1,7990,U000160,台象股份有限公司-象印花蓮門市部,陳佩筠,970花蓮縣花蓮市中山路135號1樓,02-2506-9009#217,
1,7990,O000016,全國電子股份有限公司新竹市第八分公司,王郁娟,300新竹市東區食品路140號,03-3570833#32,
1,7990,O000014,全國電子股份有限公司新竹市第五分公司,王郁娟,300新竹市香山區牛埔路102號,03-3570833#32,
1,7990,I000218,台象股份有限公司-象印新光嘉義據點,陳佩筠,600嘉義市西區垂楊路726號10樓,02-2506-9009#217,
1,7990,E000691,台象股份有限公司-象印新光高雄據點,陳佩筠,806高雄市前鎮區三多三路213號10樓,02-2506-9009#217,
1,7990,E000690,台象股份有限公司-象印漢神據點,陳佩筠,801高雄市前金區成功路一段266之1號7樓,02-2506-9009#217,
1,7990,E000679,台象股份有限公司-象印高雄服務中心,陳佩筠,802高雄市苓雅區四維二路146號1樓,02-2506-9009#217,
1,7990,D000412,台象股份有限公司-象印夢時代據點,陳佩筠,701臺南市東區中華東路一段366號B1F,02-2506-9009#217,
1,7990,B000604,台象股份有限公司-象印新光台中據點,陳佩筠,407臺中市西屯區台中港路二段111號8樓,02-2506-9009#217,
1,7990,B000602,台象股份有限公司-象印台中服務中心,陳佩筠,408臺中市南屯區文心南三路180號1樓,02-2506-9009#217,
1,7990,A001570,台象股份有限公司-象印SOGO忠孝據點,陳佩筠,106臺北市大安區忠孝東路四段45號 8F,02-2506-9009#217,
1,7990,A001569,台象股份有限公司-象印遠東寶慶據點,陳佩筠,100臺北市中正區寶慶路32號8F,02-2506-9009#217,
1,7990,A001564,台象股份有限公司-象印大葉高島屋據點,陳佩筠,111臺北市士林區忠誠路二段55號12F,02-2506-9009#217,
1,7990,A001563,台象股份有限公司-象印統一時代台北據點,陳佩筠,110臺北市信義區忠孝東路5段8號6F,02-2506-9009#217,
1,7989,O000303,台象股份有限公司-象印SOGO新竹據點,陳佩筠,300新竹市東區民族路2號9樓,02-2506-9009#217,
1,7989,O000284,大同綜合訊電股份有限公司-大同3C_新竹食品路門市,吳世國,300新竹市食品路297號,03-5629153,70788522
1,7989,O000281,大同綜合訊電股份有限公司-大同3C_新竹正東店,蔡江亮,300新竹巿東光路75號,0930255718,
1,7989,I000220,台象股份有限公司-象印耐思松屋據點,陳佩筠,600嘉義市東區忠孝路600號B1樓,02-2506-9009#217,
1,7989,H001291,台象股份有限公司-象印新光桃園站前據點,陳佩筠,330桃園市桃園區中正路19號9F,02-2506-9009#217,
1,5444,T000236,萊爾富國際股份有限公司-屏縣屏邊店,卓東平,927屏東縣林邊鄉仁和村4鄰中山路187號,02-66068688分機356,
1,5444,T000234,萊爾富國際股份有限公司-屏縣大仁店,卓東平,907屏東縣鹽埔鄉新二村維新路20號(大仁技術學院),02-66068688分機356,
1,5444,T000232,萊爾富國際股份有限公司-屏縣屏海店,卓東平,946屏東縣恆春鎮墾丁路27號,02-66068688分機356,
1,5444,T000230,萊爾富國際股份有限公司-屏縣墾丁店,卓東平,946屏東縣恆春鎮墾丁路198號,02-66068688分機356,
1,5444,S000363,萊爾富國際股份有限公司-高縣岡本店,卓東平,820高雄市岡山鎮本洲路55-47號,02-66068688分機356,
1,5444,S000362,萊爾富國際股份有限公司-正和店,卓東平,814高雄市仁武區仁武村中正路93號,02-66068688#356,
1,5444,S000360,萊爾富國際股份有限公司-高縣高明店,卓東平,831高雄市大寮區過溪村光明路一段1237號,02-66068688分機356,
1,5444,S000357,萊爾富國際股份有限公司-高縣鳳仁店,卓東平,814高雄市仁武區永宏巷2號,02-66068688分機356,
1,5444,S000352,萊爾富國際股份有限公司-高縣潮寮店,卓東平,831高雄市大寮區潮寮村華中南路8之1號,02-66068688分機356,
1,5444,S000344,萊爾富國際股份有限公司-高縣高龍店,卓東平,815高雄市大社區中山路459號,02-66068688分機356,
1,5444,S000328,萊爾富國際股份有限公司-鳳山高行店,卓東平,"830高雄市鳳山市力行路81、83號 1 樓",02-66068688分機356,
1,5444,S000327,萊爾富國際股份有限公司-鳳山高頂店,卓東平,830高雄市鳳山市鳳頂路171號,02-66068688分機356,
1,5444,S000325,萊爾富國際股份有限公司-鳳山光復店,卓東平,830高雄市鳳山市光復路二段229號,02-66068688分機356,
1,5444,R000387,萊爾富國際股份有限公司-南縣麻庄店,卓東平,臺南市麻豆寮部里寮子部166-17號,02-66068688分機356,
1,5444,R000385,萊爾富國際股份有限公司-南縣南定店,卓東平,745臺南市安定區六嘉村32之1號,02-66068688分機356,
1,5444,R000384,萊爾富國際股份有限公司-永康雙正店,卓東平,710臺南市永康區鹽行里9鄰中正路347號,02-66068688分機356,
1,5444,R000379,萊爾富國際股份有限公司-永康中正店,吳佩瑾,710臺南市永康區中正路581號,06-2422914,
1,5444,Q000166,萊爾富國際股份有限公司-嘉縣和發店,卓東平,606嘉義縣中埔鄉和美村中山路五段736號,02-66068688分機356,
1,5444,Q000154,萊爾富國際股份有限公司-嘉縣嘉樂店,卓東平,603嘉義縣梅山鄉梅北村中山路296號,02-66068688分機356,
1,5444,P000214,萊爾富國際股份有限公司-雲縣雲桐店,卓東平,647雲林縣莿桐鄉中正路165號,02-66068688分機356,
1,5444,P000211,萊爾富國際股份有限公司-雲縣雲中店,卓東平,632雲林縣虎尾鎮林森路一段476號,02-66068688分機356,
1,5444,P000196,萊爾富國際股份有限公司-雲縣雲發店,卓東平,631雲林縣大埤鄉尚義村延平路三段582.584號,02-66068688分機356,
1,5444,O000273,萊爾富國際股份有限公司-新竹竹群店,卓東平,300新竹市東區金山二十三街36號1樓,02-66068688分機356,
1,5444,O000271,萊爾富國際股份有限公司-新竹力晶店,卓東平,300新竹市東區力行一路12號(力晶二廠),02-66068688分機356,
1,5444,O000269,萊爾富國際股份有限公司-新竹竹平店,卓東平,300新竹市香山區延平路二段727巷1號,02-66068688分機356,
1,5444,O000267,萊爾富國際股份有限公司-新竹實中店,卓東平,300新竹市東區介壽路300號(新竹科學工業園區實驗高級中學),02-66068688分機356,
1,5444,O000263,萊爾富國際股份有限公司-新竹光華店,卓東平,300新竹市北區光華二街72巷2號,02-66068688分機356,
1,5444,O000259,萊爾富國際股份有限公司-新竹竹亮店,卓東平,300新竹市光復路二段962號,02-66068688分機356,
1,5444,O000251,萊爾富國際股份有限公司-新竹曙光店,卓東平,300新竹市東區北大路61號(曙光女中海倫樓1樓),02-66068688分機356,
1,5444,O000248,萊爾富國際股份有限公司-新竹竹翠店,卓東平,300新竹市東區高翠路172-2號,02-66068688分機356,
1,5444,O000243,萊爾富國際股份有限公司-新竹金城店,卓東平,300新竹市東區光復路二段148號,02-66068688分機356,
1,5444,O000238,萊爾富國際股份有限公司-新竹教育店,卓東平,300新竹市東區南大路521號(教育大學第一活動中心1樓),02-66068688分機356,
1,5444,O000237,萊爾富國際股份有限公司-新竹武昌店,卓東平,300新竹市東區武昌街12號,02-66068688分機356,
1,5444,O000235,萊爾富國際股份有限公司-新竹竹樂店,卓東平,300新竹市北區鐵道路二段233號,02-66068688分機356,
1,5444,O000233,萊爾富國際股份有限公司-新竹竹塹店,卓東平,300新竹市北區中山路414號,02-66068688分機356,
1,5444,O000228,萊爾富國際股份有限公司-新竹高翠店,卓東平,"300新竹市東區高翠路273,275號",02-66068688分機356,
1,5444,O000223,萊爾富國際股份有限公司-新竹林森店,卓東平,300新竹市北區四維路17號,02-66068688分機356,
1,5444,O000218,萊爾富國際股份有限公司-新竹聯發店,卓東平,300新竹市科學園區篤行一路1號,02-66068688分機356,
1,5444,O000217,萊爾富國際股份有限公司-新竹竹神店,卓東平,300新竹市東區興學街117.119.121號,02-66068688分機356,
1,5444,O000211,萊爾富國際股份有限公司-新竹竹醫店,卓東平,300新竹市東區經國路一段442巷25號(衛生署新竹醫院),02-66068688分機356,
1,5444,O000210,萊爾富國際股份有限公司-新竹竹環店,卓東平,300新竹市東區中正路49號,02-66068688分機356,
1,5444,O000209,萊爾富國際股份有限公司-新竹成功店,卓東平,300新竹市北區成功路163號,02-66068688分機356,
1,5444,O000207,萊爾富國際股份有限公司-新竹竹香店,卓東平,300新竹市香山區宮口街33巷17號1樓,02-66068688分機356,
1,5444,O000206,萊爾富國際股份有限公司-新竹科學店,卓東平,300新竹市東區力行一路12號(力晶一廠),02-66068688分機356,
1,5444,N000329,萊爾富國際股份有限公司-花壇彰花店,卓東平,503彰化縣花壇鄉中庄村中山路一段72號,02-66068688#356,
1,7989,F002171,台象股份有限公司-象印大遠百板橋據點,陳佩筠,220新北市板橋區新站路28號7樓,02-2506-9009#217,
1,7989,E000748,台象股份有限公司-象印統一時代高雄據點,陳佩筠,806高雄市前鎮區中華五路789號,02-2506-9009#217,
1,7989,E000693,台象股份有限公司-象印SOGO高雄據點,陳佩筠,806高雄市前鎮區三多三路217號10樓,02-2506-9009#217,
1,7989,D000376,台象股份有限公司-象印遠東台南據點,陳佩筠,701臺南市東區前鋒路210號6樓,02-2506-9009#217,
1,7989,D000375,台象股份有限公司-象印新光中山據點,陳佩筠,700臺南市中西區中山路162號9樓,02-2506-9009#217,
1,7989,B000605,台象股份有限公司-象印中友據點,陳佩筠,404臺中市北區三民路三段161號10樓,02-2506-9009#217,
1,7989,A001581,台象股份有限公司-象印南港服務中心,陳佩筠,115臺北市南港區重陽路528號1樓,02-2506-9009#217,
1,7989,A001569,台象股份有限公司-象印遠東寶慶據點,陳佩筠,100臺北市中正區寶慶路32號8F,02-2506-9009#217,
1,7989,A001568,台象股份有限公司-象印美麗華據點,陳佩筠,104臺北市中山區敬業三路20號3F,02-2506-9009#217,
1,7989,A001566,台象股份有限公司-象印新光站前據點,陳佩筠,100臺北市中正區忠孝西路一段66號10F,02-2506-9009#217,
1,7989,A001565,台象股份有限公司-象印新光南西據點,陳佩筠,104臺北市中山區臺北市中山區南京西路12號7F,02-2506-9009#217,
1,7988,T000258,台象股份有限公司-象印屏東太平洋據點,陳佩筠,900屏東縣屏東市中正路72號6樓,02-2506-9009#217,
1,7988,O000302,台象股份有限公司-象印SOGO巨城據點,陳佩筠,300新竹市東區中央路239號6樓,02-2506-9009#217,
1,7988,O000301,台象股份有限公司-象印遠東新竹據點,陳佩筠,300新竹市東區西大路323號5樓,02-2506-9009#217,
1,7988,O000300,台象股份有限公司-象印新光新竹據點,紀偉平,300新竹市東區中華路2段190號7樓,02-2506-9009,
1,7988,H001298,台象股份有限公司-象印SOGO中壢據點,陳佩筠,320桃園市中壢區元化路357號7F,02-2506-9009#217,
1,7988,H001292,台象股份有限公司-象印遠東桃園據點,陳佩筠,330桃園市桃園區中正路20號10F,02-2506-9009#217,
1,7988,F002169,台象股份有限公司-象印比漾廣場據點,陳佩筠,234新北市永和區中山路一段238號 5樓,02-2506-9009#217,
1,7988,F002167,台象股份有限公司-象印五股服務中心,陳佩筠,248新北市五股區五權八路41號1樓,02-2506-9009#217,
1,7988,E000694,台象股份有限公司-象印新光左營據點,陳佩筠,813高雄市左營區高鐵路123號9樓,02-2506-9009#217,
1,7988,E000688,台象股份有限公司-象印大統和平據點,陳佩筠,802高雄市苓雅區和平一路218號9樓,02-2506-9009#217,
1,7988,B000603,台象股份有限公司-象印遠東台中據點,陳佩筠,407臺中市西屯區台中港路二段105號9樓,02-2506-9009#217,
1,7988,A001571,台象股份有限公司-象印SOGO復興據點,陳佩筠,106臺北市大安區忠孝東路三段300號8F,02-2506-9009#217,
1,7988,A001567,台象股份有限公司-象印新光信義A8據點,陳佩筠,108臺北市萬華區松高路12號7F,02-2506-9009#217,
1,7988,A001562,台象股份有限公司-象印長安服務中心,陳佩筠,104臺北市中山區長安東路二段80號1樓,02-2506-9009#217,
1,7887,R000447,忠益車業有限公司,孫葦婷,711臺南市歸仁區保大路三段219號,062711111,
1,7887,N000390,文冠機車行,黃陳桂花,500彰化縣彰化市中山路３段２９０號,04-7115655,
1,7887,F002158,建榮機車行,程樹欉,220新北市板橋區四川路二段29號,02-89668703,
1,7887,D000401,新益昌車行,邱聖佳,701臺南市東區崇德路659號之10,06-2681111,
1,7886,R000443,振富車業有限公司,曾治富,710臺南市永康區民族路483號,062710842,
1,7886,D000402,巨新車業有限公司,蔡佳洲,701臺南市東區東門路二段35號,062369888,
1,7831,R000031,大同綜合訊電股份有限公司-大同3C_鹽水門市,詹政宏,737臺南市鹽水區朝琴路130號1樓A棟,06-6522309,
1,7831,G000239,大同綜合訊電股份有限公司-大同3C_羅東中正門市,吳國彰,265宜蘭縣羅東鎮中正路18、20號,03-9542772,70788522
1,7826,R000031,大同綜合訊電股份有限公司-大同3C_鹽水門市,詹政宏,737臺南市鹽水區朝琴路130號1樓A棟,06-6522309,
1,7796,R000463,三久太陽能-新鈦實業有限公司,陳啓瑞,711臺南市歸仁區忠孝北路2號,06-3387408,
1,7796,D000469,三久太陽能-吉福工程,郭豐碧,704臺南市北區北門路2段237巷6號5樓之1,06-2496839,
1,7795,Q000043,愛貝克太陽能景山能源,王熙景,613嘉義縣朴子市嘉朴西路57號,05-3627111,
1,7795,K000212,123水世界有限公司,林志銘,351苗栗縣頭份市文化街34號,037-667426,
1,7795,D000334,三久太陽能-利易達實業有限公司,陳仁富,704臺南市北區和緯路二段522號,06-2811939,89213580
1,7795,D000333,"三久太陽能 坤晉工程行",許展菖,709臺南市安南區安昌街96號1樓,06-3563181,10727017
1,7794,R000463,三久太陽能-新鈦實業有限公司,陳啓瑞,711臺南市歸仁區忠孝北路2號,06-3387408,
1,7794,D000469,三久太陽能-吉福工程,郭豐碧,704臺南市北區北門路2段237巷6號5樓之1,06-2496839,
1,7789,H001798,小北百貨(鴻洲生活館有限公司),莊慧秋,337桃園市大園區中正東路47號1、2樓,03-2860150,82787409
1,7789,H001783,小北百貨(鴻峻生活館有限公司),蔡秀竹,324桃園市平鎮區廣明路67號1樓、地下1樓,03-2860660,54935702
1,7789,H001778,小北百貨(鴻博生活館有限公司),陳仁威,330桃園市桃園區三民路三段267號,03-2860480,83555883
1,7789,H001454,小北百貨(鴻悌生活館有限公司),楊芬華,320桃園市中壢區320桃園市中壢區龍岡路二段95、97號,03-2868960,54817607
1,7789,H001452,小北百貨(鴻流生活館有限公司),林振宇,330桃園市桃園區330桃園市桃園區北埔路136號,03-3336075,53506801
1,7788,P000017,佳晟商行,曾素員,653雲林縣口湖鄉港東村中正路30號,05-7970306,
1,7788,J000235,長鑫廣告有限公司,何順登,302新竹縣竹北市三民路102-2號1樓,03-5557131,
1,7743,S000418,燦坤3C路竹分公司,陳欽瑩,821高雄市路竹區中正路182號,02-27953988#10802,
1,7743,S000415,燦坤3C阿蓮分公司,陳欽瑩,822高雄市阿蓮區忠孝路382號,02-27953988#10802,
1,7743,E000718,燦坤3C小港分公司,陳欽瑩,812高雄市小港區康莊路105號,02-27953988#10802,
1,7743,E000717,燦坤3C中安分公司,陳欽瑩,812高雄市小港區中安路590號,02-27953988#10802,
1,7743,E000716,燦坤3C右昌分公司,陳欽瑩,811高雄市楠梓區德民路836號,02-27953988#10802,
1,7743,E000711,燦坤3C瑞隆分公司,陳欽瑩,806高雄市前鎮區瑞隆路401號,02-27953988#10802,
1,7743,E000701,燦坤3C河西分公司,陳欽瑩,804高雄市鼓山區河西一路1471號1F-2F,02-27953988#10802,
1,7743,E000697,燦坤3C福山分公司,陳欽瑩,813高雄市左營區自由四路126號1F,02-27953988#10802,
1,7742,S000415,燦坤3C阿蓮分公司,陳欽瑩,822高雄市阿蓮區忠孝路382號,02-27953988#10802,
1,7742,S000406,燦坤3C鳳山分公司,陳欽瑩,"830高雄市鳳山區中山路138之7,8,9號",02-27953988#10802,
1,7742,E000707,燦坤3C建國分公司,陳欽瑩,"807高雄市三民區建國二路226號,228號",02-27953988#10802,
1,7742,E000701,燦坤3C河西分公司,陳欽瑩,804高雄市鼓山區河西一路1471號1F-2F,02-27953988#10802,
1,7742,E000697,燦坤3C福山分公司,陳欽瑩,813高雄市左營區自由四路126號1F,02-27953988#10802,
1,7741,S000412,燦坤3C鳳屏分公司,陳欽瑩,831高雄市大寮區鳳屏一路281號1F,02-27953988#10802,
1,7741,S000410,燦坤3C林園分公司,陳欽瑩,832高雄市林園區東林西路35號1.2樓,02-27953988#10802,
1,7741,S000408,燦坤3C橋頭分公司,陳欽瑩,825高雄市橋頭區成功南路148巷1號,02-27953988#10802,
1,7741,S000405,燦坤3C鳳山二店分公司,陳欽瑩,830高雄市鳳山區建國路二段178號,02-27953988#10802,
1,7741,E000715,燦坤3C楠梓分公司,陳欽瑩,811高雄市楠梓區鳳楠路268號,02-27953988#10802,
1,7741,E000714,燦坤3C七賢分公司,陳欽瑩,800高雄市新興區林森一路230號,02-27953988#10802,
1,7741,E000710,燦坤3C康定分公司,陳欽瑩,806高雄市前鎮區康定路168號,02-27953988#10802,
1,7741,E000705,燦坤3C金鼎分公司,陳欽瑩,"807高雄市三民區鼎強街93-1,95號",02-27953988#10802,
1,7741,E000702,燦坤3C河東分公司,陳欽瑩,801高雄市前金區河東路2號,02-27953988#10802,
1,7647,N000004,興業建設股份有限公司員林分公司,陳奕輝,513彰化縣埔心鄉瓦南村中山路319號,04-8315058#501,
1,7628,O000006,國防部福利事業管理處新竹福利站,彭錦發,300新竹市東區延平路二段6號,03-5300575,
1,7628,G000055,家福股份有限公司宜蘭分公司,張卿善,260宜蘭縣宜蘭市民權路二段38巷2號B2,03-9361188#880,
1,7628,A000012,國防部福事業管理處南機場福利站,簡玉佩,108臺北市萬華區中華路2段416巷58號,02-23328310,
1,7554,G000017,喜互惠生鮮超市龍德店,林建志,270宜蘭縣蘇澳鎮福德路440號,03-9908800,
1,7554,G000010,喜互惠生鮮超市蘇澳店,林文良,270宜蘭縣蘇澳鎮蘇港路311號,03-9952000,
1,7554,G000008,喜互惠生鮮超市宜興店,曾婉真,260宜蘭縣宜蘭市宜興路一段273號,03-9356999,
1,7554,A001592,棉花田生機園地慶城門市,方文哲,105臺北市松山區南京東路3段303巷24號,02-25791777,
1,7481,R000037,大同綜合訊電股份有限公司-大同3C_白河服務站,蘇崑山,732臺南市白河區中山路140號,06-6852745,
1,7400,M000220,"全聯實業股份有限公司 埔里店",徐賓成,545南投縣埔里鎮中山路３段376號,0422420827#205,
1,7400,M000216,"全聯實業股份有限公司 草屯店",徐賓成,542南投縣草屯鎮信義街368號,0422420827#205,
1,7400,M000215,"全聯實業股份有限公司 名間店",徐賓成,551南投縣名間鄉南投縣名間鄉南雅村市場巷11之12號１樓,0422420827#205,
1,7400,M000214,"全聯實業股份有限公司 虎山店",徐賓成,542南投縣草屯鎮虎山路500之1之4號,0422420827#205,
1,7399,N000432,宏興機車行,洪西庚,526彰化縣二林鎮北平里二溪路一段93號,04-8961546,
1,7399,C000186,寬達機車行,黃寬達,204基隆市安樂區安樂路一段121號1樓,02-24300169,
1,7399,B000616,弘國機車行,張春永,403臺中市西區美村路一段385號1樓,04-23027315,
1,7398,S000390,和昇機車行,鄭忠榮,830高雄市鳳山區五甲二路674號,07-8211042,
1,7398,N000436,宏進機車行,林珈蓁,500彰化縣彰化市莿桐里彰水路50之1號,04-7632227,
1,7398,N000434,新發順機車行,陳条修,528彰化縣芳苑鄉王功村芳漢路王功段506號,04-8932283,
1,7398,N000433,新永順機車行,陳英斌,528彰化縣芳苑鄉建平村二溪路草二段612號,04-8862368,
1,7398,N000427,明利機車行,王靖雯,524彰化縣溪州鄉東州村登山路４段333號1樓,04-8896165,
1,7398,N000420,進昌機車行,李文修,500彰化縣彰化市延平里大埔路586號,04-7115269,
1,7398,C000198,永合機車行,黃增榮,200基隆市仁愛區南榮路61號,02-24245362,
1,7398,C000188,宏堂機車行,洪炳堂,205基隆市暖暖區東碇路538號,02-24585656,
1,7398,C000180,明達機車行,江錫冠,206基隆市七堵區明德二路15之21號,02-24513855,
1,7126,U000160,台象股份有限公司-象印花蓮門市部,陳佩筠,970花蓮縣花蓮市中山路135號1樓,02-2506-9009#217,
1,7126,I000218,台象股份有限公司-象印新光嘉義據點,陳佩筠,600嘉義市西區垂楊路726號10樓,02-2506-9009#217,
1,7126,E000691,台象股份有限公司-象印新光高雄據點,陳佩筠,806高雄市前鎮區三多三路213號10樓,02-2506-9009#217,
1,7126,E000690,台象股份有限公司-象印漢神據點,陳佩筠,801高雄市前金區成功路一段266之1號7樓,02-2506-9009#217,
1,7126,E000679,台象股份有限公司-象印高雄服務中心,陳佩筠,802高雄市苓雅區四維二路146號1樓,02-2506-9009#217,
1,7126,D000412,台象股份有限公司-象印夢時代據點,陳佩筠,701臺南市東區中華東路一段366號B1F,02-2506-9009#217,
1,7126,B000606,台象股份有限公司-象印廣三SOGO據點,陳佩筠,403臺中市西區中港路一段299號10樓,02-2506-9009#217,
1,7126,B000604,台象股份有限公司-象印新光台中據點,陳佩筠,407臺中市西屯區台中港路二段111號8樓,02-2506-9009#217,
1,7126,B000602,台象股份有限公司-象印台中服務中心,陳佩筠,408臺中市南屯區文心南三路180號1樓,02-2506-9009#217,
1,7126,A001570,台象股份有限公司-象印SOGO忠孝據點,陳佩筠,106臺北市大安區忠孝東路四段45號 8F,02-2506-9009#217,
1,7126,A001569,台象股份有限公司-象印遠東寶慶據點,陳佩筠,100臺北市中正區寶慶路32號8F,02-2506-9009#217,
1,7126,A001566,台象股份有限公司-象印新光站前據點,陳佩筠,100臺北市中正區忠孝西路一段66號10F,02-2506-9009#217,
1,7126,A001563,台象股份有限公司-象印統一時代台北據點,陳佩筠,110臺北市信義區忠孝東路5段8號6F,02-2506-9009#217,
1,7118,G000010,喜互惠生鮮超市蘇澳店,林文良,270宜蘭縣蘇澳鎮蘇港路311號,03-9952000,
1,6950,N000004,興業建設股份有限公司員林分公司,陳奕輝,513彰化縣埔心鄉瓦南村中山路319號,04-8315058#501,
1,6949,N000004,興業建設股份有限公司員林分公司,陳奕輝,513彰化縣埔心鄉瓦南村中山路319號,04-8315058#501,
1,6854,S000390,和昇機車行,鄭忠榮,830高雄市鳳山區五甲二路674號,07-8211042,
1,6854,J000255,智翔機車行,彭鵬江,310新竹縣竹東鎮東寧路三段147號,03-5962943,
1,6854,J000254,通順機車行,鍾慶統,310新竹縣竹東鎮,03-5962950,
1,6853,S000390,和昇機車行,鄭忠榮,830高雄市鳳山區五甲二路674號,07-8211042,
1,6853,J000254,通順機車行,鍾慶統,310新竹縣竹東鎮,03-5962950,
1,6852,K000262,宏晟機車行,賴玉宏,366苗栗縣銅鑼鄉銅鑼村33鄰中正路50號1樓,037980909,
1,6852,J000249,大昇機車行,湯春栗,310新竹縣竹東鎮上館里39鄰南寧路4號,035104569,
1,6852,H001333,盛達機車行,黃延群,320桃園市中壢區華勛街268號,03-4566372,
1,6851,J000252,勝東機車行,宋侑霖,310新竹縣竹東鎮東林路29號,03-5957358,
1,6851,H001333,盛達機車行,黃延群,320桃園市中壢區華勛街268號,03-4566372,
1,6851,E000675,友源機車行,施木樹,807高雄市三民區建興路230號,07-3821266,
1,6851,D000371,SYM_世國車業,丁世國,702臺南市南區建南路261號,06-2615837,
1,6837,V000127,益利車業行,林清發,950臺東縣台東市自強里新生路303號1樓,(089)324769,
1,6837,V000125,東山機車行,許晉彰,956臺東縣關山鎮月眉里中和路83號,(089)811442,
1,6837,V000121,東憶機車行,林俊陞,950臺東縣台東市中興路3段548號,0980002901,
1,6837,H001297,聯誠車業行,陳志榮,338桃園市蘆竹區營盤村中山路148號1樓,3223958,
1,6837,H001295,洪興車業,蔡登富,338桃園市蘆竹區六福路102號,3211499,
1,6836,V000123,樺陽車業行,王晃華,950臺東縣台東市鐵花里新生路75號,089-341771,
1,6771,N000004,興業建設股份有限公司員林分公司,陳奕輝,513彰化縣埔心鄉瓦南村中山路319號,04-8315058#501,
1,666,R000001,遠百企業股份有限公司台南分公司_愛買,胡玉華,710臺南市永康區中正南路533號,06-2542532,
1,666,O000001,遠百企業股份有限公司新竹分公司,郭春雨,300新竹市-公道五路二段469號,03-6200071,
1,666,H000009,大潤發流通事業股份有限公司中壢分公司,李旭城,320桃園市中壢區中北路2段468號地上1、2樓、地下1樓,03-4388288#501,
1,9361,C000150,昌億機車行,吳金波,204基隆市安樂區安一路207號,02-24237417,
1,9360,Q000225,光亮機車行,王文亮,613嘉義縣朴子市開元路478號,05-3795407,
1,9360,N000422,伸益機車有限公司,柯順記,509彰化縣伸港鄉新港村新港路119-1號,04-7981215,
1,9360,N000375,冠緯車業有限公司,黃仲裕,510彰化縣員林市大同路２段３４１﹒３４３﹒３４５號,04-8323040,
1,9360,F002212,源福車業行,邱郁翔,242新北市新莊區民安西路318號,02-22042398,
1,9360,D000400,和順機車行,陳永大,701臺南市東區東安路41號,062378911,
1,9360,C000150,昌億機車行,吳金波,204基隆市安樂區安一路207號,02-24237417,
1,929,H000009,大潤發流通事業股份有限公司中壢分公司,李旭城,320桃園市中壢區中北路2段468號地上1、2樓、地下1樓,03-4388288#501,
1,929,F000002,遠百企業股份有限公司永和分公司,郭立綏,234新北市永和區民生路46巷56號,02-29488988,
1,929,E000001,遠百企業股份有限公司高雄平等分公司,施碧芬,807高雄市三民區平等路171號,07-3860600,
1,929,A000022,潤泰創新國際股份有限公司中崙分公司,徐哲光,104臺北市中山區八德路二段306號地下2樓之3、地下3樓,02-2779006#501,
1,9213,R000435,KYMCO_銘揚車業行,鍾銅城,710臺南市永康區中山路262號,06-2323243,
1,9213,Q000220,文欽機車行,何先生,613嘉義縣朴子市大同路174號,05-3798269,
1,9213,Q000218,崑發機車行,李政樟,613嘉義縣朴子市南通路3段575號,05-3797777,
1,9213,H001327,世一機車行,邱繼騰,334桃園市八德區建國路1190號,03-3663779,
1,9213,C000138,杰奇機車行,林文奇,205基隆市暖暖區八西里過港路252號1樓,02-24560719,
1,9212,H001356,冠億車業,羅振嘉,324桃園市平鎮區金陵路312號1樓,4683811,
1,9212,F002158,建榮機車行,程樹欉,220新北市板橋區四川路二段29號,02-89668703,
1,9211,H001327,世一機車行,邱繼騰,334桃園市八德區建國路1190號,03-3663779,
1,9210,O000309,陞鴻機車行,郭彩雲,300新竹市光復路2段930號,03-5250185,
1,9210,D000383,KYMCO_協昌車業,蔡宗穆,702臺南市南區金華路二段319號,06-2617779,
1,9210,D000342,KYMCO_尚德車業行,蔣紹銘,701臺南市東區崇善路200號,06-2696255,
1,9204,P000238,南都汽車股份有限公司北港營業所,郭榮林,651雲林縣北港鎮華勝路356號,05-7837833,
1,9203,P000238,南都汽車股份有限公司北港營業所,郭榮林,651雲林縣北港鎮華勝路356號,05-7837833,
1,9202,P000237,南都汽車股份有限公司斗六營業所,劉勝和,640斗六市大學路二段9號,05-5346511,
1,9121,M000227,欣農發實業股份有限公司,李佩真,557南投縣竹山鎮延正里江西路38-2號,049-2631234,
1,9099,G000055,家福股份有限公司宜蘭分公司,張卿善,260宜蘭縣宜蘭市民權路二段38巷2號B2,03-9361188#880,
1,9099,G000010,喜互惠生鮮超市蘇澳店,林文良,270宜蘭縣蘇澳鎮蘇港路311號,03-9952000,
1,8992,N000385,全陽機車行,趙偉勝,500彰化縣彰化市光復路33號,04-7384997,
1,8992,F002212,源福車業行,邱郁翔,242新北市新莊區民安西路318號,02-22042398,
1,8992,C000159,新發機車行,蕭定輔,203基隆市中山區西定路299號,02-24226594,
1,8907,Q000180,富發車行,吳國智,612嘉義縣太保市麻寮里中山路二段151號,05-2373207,
1,8907,N000354,良美機車企業行,王芷妍,502彰化縣芬園鄉芬草路二段159號,049-2522810,
1,8907,D000394,昶興機車行,杜淵裕,701臺南市東區裕豐街184號,062003206,
1,8907,C000172,新宏富車業有限公司,林宏波,201基隆市信義區東信路150號,02-24654037,
1,8906,N000389,旭發機車行,王秋蘭,500彰化縣彰化市彰南路二段108號,04-7384997,
1,8906,N000375,冠緯車業有限公司,黃仲裕,510彰化縣員林市大同路２段３４１﹒３４３﹒３４５號,04-8323040,
1,8906,N000373,山陽輪業有限公司,徐永昌,510彰化縣員林市中山路１段５１９號１樓,04-8323501,
1,8906,N000370,泰安機車行,郭陳淑花,505彰化縣鹿港鎮民權路２７號,04-7222030,
1,8906,C000150,昌億機車行,吳金波,204基隆市安樂區安一路207號,02-24237417,
1,8905,N000354,良美機車企業行,王芷妍,502彰化縣芬園鄉芬草路二段159號,049-2522810,
1,8905,K000285,台豐機車行,張日奎,369苗栗縣卓蘭鎮新厝里中正路15號,042-5893198,
1,8905,K000280,金泰機車行,黃文星,351苗栗縣頭份市新華里中正一路11鄰28號,037-675959,
1,8905,K000279,全輪機車行,傅阿蘭,352苗栗縣三灣鄉三灣村中正路198號,037-831038,
1,8905,C000180,明達機車行,江錫冠,206基隆市七堵區明德二路15之21號,02-24513855,
1,8905,C000172,新宏富車業有限公司,林宏波,201基隆市信義區東信路150號,02-24654037,
1,8904,N000389,旭發機車行,王秋蘭,500彰化縣彰化市彰南路二段108號,04-7384997,
1,8904,N000374,信源車業有限公司,陳國仁,520彰化縣田中鎮員集路一段915號,04-8742658,
1,8904,N000370,泰安機車行,郭陳淑花,505彰化縣鹿港鎮民權路２７號,04-7222030,
1,8904,N000352,金馬機車行,李炳富,500彰化縣彰化市中山路２段549號1.2樓,04-7223724,
1,8904,K000289,永興車業行,謝文輝,360苗栗縣苗栗市清華里6鄰為公路161號,037-270102,
1,8904,K000288,敬悅機車行,湯仁均,360苗栗縣苗栗市恭敬里信義街17號1樓,037-359290,
1,5467,I000153,滿金機車行,袁明豪,600嘉義市民生南路570號,05-2350282,
1,5466,V000112,金昌機車行,林金澤,950臺東縣台東市臺東市民生里更生路146號1樓,089-325450,
1,5466,V000111,順陽車業有限公司,廖中義,950臺東縣台東市臺東市自強里新生路307-309號,089-323358,
1,5466,I000178,德勝機車行,方德成,600嘉義市西區民生南路878號,05-2851482,
1,5444,T000235,萊爾富國際股份有限公司-屏東屏香店,卓東平,900屏東縣屏東市瑞光路二段252號,02-66068688分機356,
1,5444,T000224,萊爾富國際股份有限公司-屏東屏南店,卓東平,900屏東縣屏東市建國路99-1號,02-66068688分機356,
1,5444,S000359,萊爾富國際股份有限公司-高縣高林店,卓東平,832高雄市林園區忠孝西路３５號及福興街１８２號,02-66068688分機356,
1,5444,S000356,萊爾富國際股份有限公司-高縣永新店,卓東平,828高雄市永安區維新路155-1號,02-66068688分機356,
1,5444,S000350,萊爾富國際股份有限公司-高縣仁忠店,卓東平,814高雄市仁武區仁忠路86、92號,02-66068688分機356,
1,5444,S000346,萊爾富國際股份有限公司-鳳山鳳育店,卓東平,830高雄市鳳山市鳳育路2號,02-66068688分機356,
1,5444,S000338,萊爾富國際股份有限公司-高縣鳳林二店,卓東平,831高雄市大寮區鳳林四路170之9號,02-66068688分機356,
1,5444,S000333,萊爾富國際股份有限公司-高縣高建店,卓東平,832高雄市林園區東林西路366號1樓,02-66068688分機356,
1,5444,S000329,萊爾富國際股份有限公司-鳳山文澄店,卓東平,830高雄市鳳山市文澄街24.26號,02-66068688分機356,
1,5444,S000326,萊爾富國際股份有限公司-高縣松陽店,卓東平,833高雄市鳥松區大華村本館路279號,02-66068688分機356,
1,5444,S000324,萊爾富國際股份有限公司-高縣高貴店,卓東平,820高雄市岡山鎮台上里16鄰嘉新東路79之5號,02-66068688分機356,
1,5444,R000376,萊爾富國際股份有限公司-南縣南工店,卓東平,717臺南市仁德區中正路一段340號,02-66068688分機356,
1,5444,R000375,萊爾富國際股份有限公司-南縣南傑店,卓東平,717臺南市仁德區二行村中正西路21號,02-66068688分機356,
1,5444,R000374,萊爾富國際股份有限公司-南縣佳平店,卓東平,722臺南市佳里區延平路471號,02-66068688分機356,
1,5444,Q000155,萊爾富國際股份有限公司-嘉縣嘉梅店,卓東平,603嘉義縣梅山鄉中山路579號,02-66068688分機356,
1,5444,Q000152,萊爾富國際股份有限公司-嘉縣嘉竹店,卓東平,604嘉義縣竹崎鄉紫雲村大竹圍14-9號,02-66068688分機356,
1,5444,P000230,萊爾富國際股份有限公司-斗六雲站店,卓東平,雲林縣斗六鎮民生路187號2樓(斗六車站),02-66068688分機356,
1,5444,O000274,萊爾富國際股份有限公司-新竹埔東店,卓東平,300新竹市香山區牛埔東路6號,02-66068688分機356,
1,5444,O000272,萊爾富國際股份有限公司-新竹關東橋店,卓東平,"300新竹市東區光復路一段89巷115,117,119號",02-66068688分機356,
1,5444,O000268,萊爾富國際股份有限公司-新竹竹站店,卓東平,300新竹市東區中正路1號,02-66068688分機356,
1,5444,O000266,萊爾富國際股份有限公司-新竹竹森店,卓東平,300新竹市東區林森路46號B1-4樓.,02-66068688分機356,
1,5444,O000265,萊爾富國際股份有限公司-新竹竹華店,卓東平,300新竹市香山區五福路二段707號(中華大學第三宿舍),02-66068688分機356,
1,5444,O000262,萊爾富國際股份有限公司-新竹北大店,卓東平,300新竹市北區北大路284號,02-66068688分機356,
1,5444,O000260,萊爾富國際股份有限公司-新竹南大三店,卓東平,300新竹市東區南大路555號,02-66068688分機356,
1,5444,O000253,萊爾富國際股份有限公司-新竹竹化店,卓東平,300新竹市東區埔頂路71號,02-66068688分機356,
1,5444,O000247,萊爾富國際股份有限公司-新竹竹橋店,卓東平,300新竹市東區明湖路712號,02-66068688分機356,
1,5444,O000234,萊爾富國際股份有限公司-新竹竹磐店,卓東平,300新竹市北區西大路734號1F,02-66068688分機356,
1,5444,O000225,萊爾富國際股份有限公司-新竹竹沐店,卓東平,300新竹市東區經國路一段379巷1號,02-66068688分機356,
1,5444,O000224,萊爾富國際股份有限公司-新竹北大三店,卓東平,300新竹市北區北大路162號,02-66068688分機356,
1,5444,O000222,萊爾富國際股份有限公司-新竹竹遠店,卓東平,300新竹市北區西大路491、491~1號,02-66068688分機356,
1,5444,O000220,萊爾富國際股份有限公司-新竹竹純店,卓東平,300新竹市東區埔頂路311號,02-66068688分機356,
1,5444,O000219,萊爾富國際股份有限公司-新竹香北店,卓東平,300新竹市香山區香北路150號,02-66068688分機356,
1,5444,O000214,萊爾富國際股份有限公司-新竹武陵二店,卓東平,300新竹市北區金竹路115號,02-66068688分機356,
1,5444,O000213,萊爾富國際股份有限公司-新竹金山店,卓東平,300新竹市東區金山街45、47號,02-66068688分機356,
1,5444,O000212,萊爾富國際股份有限公司-新竹南大店,卓東平,300新竹市東區振興路83號,02-66068688分機356,
1,5444,N000324,萊爾富國際股份有限公司-員林彰百店,卓東平,510彰化縣員林市員水路一段170號,02-66068688#356,
1,5444,N000323,萊爾富國際股份有限公司-福興番花店,陳欣怡,506彰化縣福興鄉同安村3鄰番安路二段867號,02-89789898#335,
1,5444,N000322,萊爾富國際股份有限公司-溪湖彰湖店,卓東平,514彰化縣溪湖鎮東溪里員鹿路一段253號,02-66068688#356,
1,5444,N000320,萊爾富國際股份有限公司-員林中州店,卓東平,510彰化縣員林市山腳路三段二巷六號﹙中洲管理學院﹚,02-66068688#356,
1,5444,N000319,萊爾富國際股份有限公司-彰縣彰壇店,陳心怡,503彰化縣花壇鄉番花路5號,02-89789898#325,
1,5444,N000317,萊爾富國際股份有限公司-彰化彰慶店,卓東平,500彰化縣彰化市辭修路515號,02-66068688#356,
1,5444,N000314,萊爾富國際股份有限公司-彰化國聖店,卓東平,500彰化縣彰化市中山路三段706號,02-66068688#356,
1,8904,K000284,宏輪機車行,陳永德,364苗栗縣大湖鄉明湖村6鄰中原路24號,037-991526,
1,8904,K000283,泉盛車行,林隆泉,363苗栗縣公館鄉五谷村12鄰51號,037-226804,
1,8904,K000282,騰翔機車行,黃謝鳳垣,353苗栗縣南庄鄉東村9鄰中正路82號,037-822222,
1,8904,K000281,良友機車行,徐文良,351苗栗縣頭份市成功里10鄰建國路191號1樓,037-664004,
1,8904,K000278,永宏機車行,吳煥榮,351苗栗縣頭份市新華里12鄰中正一路74號,037-687549,
1,8904,K000275,楓城機車行,林慶城,356苗栗縣後龍鎮北龍里1鄰中華路60-16號,037-722660,
1,8904,K000274,宜昌輪業有限公司,柳宗則,356苗栗縣後龍鎮中山路22號,037-722338,
1,8904,K000272,明村機車行,羅明村,358苗栗縣苑裡鎮苑南里2鄰建國路5號1樓,037-865530,
1,8904,H001358,和昇機車行,游孟昌,324桃園市平鎮區金陵路240號1樓,4581191,
1,8904,D000335,SYM_家偉車業,吳家偉,708臺南市安平區建平七街197號,06-2934453,
1,8904,C000150,昌億機車行,吳金波,204基隆市安樂區安一路207號,02-24237417,
1,8903,R000449,孟進車業行,陳信言,712臺南市新化區中山路260號1F,065907467,
1,8903,N000421,永晟機車行,葉月珠,500彰化縣彰化市大埔路457號,04-7125958,
1,8903,N000356,東陽機車行,陳玉華,511彰化縣社頭鄉員集路２段３３３號,04-8732927,
1,8903,N000345,泉興機車股份有限公司,呂嘉甫,505彰化縣鹿港鎮彰鹿路８段２０號１樓,04-7772363,
1,8903,K000287,大弘車業商行,佘秀嬌,351苗栗縣頭份市民族路358號,037-680218,
1,8903,K000285,台豐機車行,張日奎,369苗栗縣卓蘭鎮新厝里中正路15號,042-5893198,
1,8903,C000180,明達機車行,江錫冠,206基隆市七堵區明德二路15之21號,02-24513855,
1,8902,R000450,太子機車行,黃鳳嬌,712臺南市新化區太平里中正路635號,06-5985521,
1,8902,N000437,六順輪業行,呂啟榮,500彰化縣彰化市辭修路128巷32號,04-7240758,
1,8902,N000436,宏進機車行,林珈蓁,500彰化縣彰化市莿桐里彰水路50之1號,04-7632227,
1,8902,N000435,裕木機車行,林裕木,508彰化縣和美鎮鎮平里彰草路二段674號,04-7526391,
1,8902,N000432,宏興機車行,洪西庚,526彰化縣二林鎮北平里二溪路一段93號,04-8961546,
1,8902,N000430,春興機車行,陳文東,521彰化縣北斗鎮居仁里地政路328號,04-8884783,
1,8902,N000427,明利機車行,王靖雯,524彰化縣溪州鄉東州村登山路４段333號1樓,04-8896165,
1,8902,N000426,聖豐車業商行,廖麒翔,524彰化縣溪州鄉瓦厝村中山路三段389，391號,04-8896132,
1,8902,N000420,進昌機車行,李文修,500彰化縣彰化市延平里大埔路586號,04-7115269,
1,8902,K000291,翊富機車行,翁文忠,360苗栗縣苗栗市嘉盛里為公路401號,037-267598,
1,8902,K000290,冠榮機車行,曾淑觀,360苗栗縣苗栗市福麗里6鄰至公路228號1樓,037-320697,
1,8902,K000277,增欣機車行,劉雪玉,351苗栗縣頭份市忠孝里5鄰中華路1012號,037-663313,
1,8902,K000271,錦達機車行,洪淑美,358苗栗縣苑裡鎮山腳里7鄰山腳167號,037-740467,
1,8902,K000269,永亨輪業有限公司,林錦洲,357苗栗縣通霄鎮平元里19鄰南和路一段5號,037-756888,
1,8902,K000265,全順機車行,吳淑芬,358苗栗縣苑裡鎮田心里6鄰田心77-1號,037-853818,
1,8902,C000188,宏堂機車行,洪炳堂,205基隆市暖暖區東碇路538號,02-24585656,
1,8902,C000186,寬達機車行,黃寬達,204基隆市安樂區安樂路一段121號1樓,02-24300169,
1,8902,C000170,順利機車行,張順利,202基隆市中正區北寧路368號,02-24695155,
1,8902,C000159,新發機車行,蕭定輔,203基隆市中山區西定路299號,02-24226594,
1,8822,K000226,順興機車行,吳進欽,360苗栗縣苗栗市勝利里31鄰新東街160號,037-355930,
1,8821,K000251,尚麒機車行,朱國禎,350苗栗縣竹南鎮光復路345號,037-481530,
1,8821,K000246,益昇機車行,古成亮,350苗栗縣竹南鎮大營路80號,037-460193,
1,8821,K000239,交通機車行,傅紹保,351苗栗縣頭份市民族路183號,037-668365,
1,8821,C000138,杰奇機車行,林文奇,205基隆市暖暖區八西里過港路252號1樓,02-24560719,
1,8820,D000401,新益昌車行,邱聖佳,701臺南市東區崇德路659號之10,06-2681111,
1,8819,N000391,大益機車行,黃金蘭,510彰化縣員林市中山路２段５５８號,04-8313271,
1,8819,N000380,進達車業有限公司,陳朝勝,512彰化縣永靖鄉瑚璉路３６５號,04-8239110,
1,8819,N000379,進程車業有限公司,黃寶玉,506彰化縣福興鄉沿海路３段１７３，１７５號,04-7702273,
1,8819,N000350,昌盛車業有限公司,林昌敏,524彰化縣溪州鄉溪林路４０號,04-8895020,
1,8819,N000346,連瑩機車商行,粘文寬,506彰化縣福興鄉沿海路５段１８６號,04-7787018,
1,8819,K000256,廣達機車行,彭劉玉英,363苗栗縣公館鄉鶴山村11鄰145號,037-226700,
1,8819,K000255,三鈴機車行,黃盈胤,360苗栗縣苗栗市中山路35號,037-2666662,
1,8819,K000250,均堉車業行,黃順章,351苗栗縣頭份市自強里中華路1235號,037-696125,
1,8819,K000247,銘發機車行,傅紹發,351苗栗縣頭份市新華里12鄰中正一路106號,037-668391,
1,8819,K000245,合興機車行,邱徐月娥,366苗栗縣銅鑼鄉銅鑼村29鄰中正路64號,037-981165,
1,8819,K000244,宏賢車業有限公司,曾錦昌,358苗栗縣苑裡鎮客庄里12鄰中山路2-4號,037-866168,
1,8818,D000401,新益昌車行,邱聖佳,701臺南市東區崇德路659號之10,06-2681111,
1,8817,N000342,谷村車業有限公司,林谷村,508彰化縣和美鎮東溪路４６號,04-7355185,
1,5396,H000896,萊爾富國際股份有限公司-八德廣興店,卓東平,"334桃園市八德區廣興路798-1號,新興路280-1號",02-66068688分機356,
1,5396,H000893,萊爾富國際股份有限公司-中壢陸專店,卓東平,320桃園市中壢區中山東路四段113號,02-66068688分機356,
1,5396,H000891,萊爾富國際股份有限公司-桃市桃敬店,卓東平,330桃園市桃園區莊敬路二段195號,02-66068688分機356,
1,5396,H000888,萊爾富國際股份有限公司-中壢環北店,卓東平,320桃園市中壢區環北路1號,02-66068688分機356,
1,5396,H000884,萊爾富國際股份有限公司-桃縣楊福店,卓東平,326桃園市楊梅區福德街66、68號,02-66068688分機356,
1,5396,H000882,萊爾富國際股份有限公司-桃縣彩虹店,卓東平,333桃園市龜山區新興村下山?23號(成功工商信樓B1),02-66068688分機356,
1,5396,H000880,萊爾富國際股份有限公司-桃市文中店,卓東平,330桃園市桃園區文中路333、335號,02-66068688分機356,
1,5396,H000878,萊爾富國際股份有限公司-桃縣南竹店,卓東平,338桃園市蘆竹區南竹路五段243.247號,02-66068688分機356,
1,5396,G000303,喜互惠生鮮超市和平店,薛宸,264宜蘭縣礁溪鄉和平路120號,03-9225000,
1,5396,G000260,喜互惠生鮮超市吳沙店,王瑞淇,260宜蘭縣宜蘭市中山路5段191號,03-9284000,
1,5396,G000219,萊爾富國際股份有限公司-宜蘭佛光店,卓東平,262宜蘭縣礁溪鄉林美村林尾路160號(佛光大學),02-66068688分機356,
1,5396,G000212,萊爾富國際股份有限公司-宜蘭宜中店,卓東平,260宜蘭縣宜蘭市民族路396號,02-66068688分機356,
1,5396,G000016,喜互惠生鮮超市冬山店,王瑞淇,269宜蘭縣冬山鄉冬山路一段986巷5號,03-9593300,
1,5396,G000014,喜互惠生鮮超市民權店,李秀螇,265宜蘭縣羅東鎮中興路1號,03-9571000,
1,5396,G000012,喜互惠生鮮超市羅東店,林廉凱,265宜蘭縣羅東鎮純精路三段445號,03-9575400,
1,5396,F001948,萊爾富國際股份有限公司-北縣板富店,卓東平,220新北市板橋區板新路1號,02-66068688分機356,
1,5396,F001944,萊爾富國際股份有限公司-北縣遠東店,卓東平,235新北市中和區建八路116號,02-66068688分機356,
1,5396,F001941,萊爾富國際股份有限公司-北縣海山店,卓東平,236新北市土城區明德路二段131號,02-66068688分機356,
1,5396,F001939,萊爾富國際股份有限公司-北縣板速店,卓東平,220新北市板橋區縣民大道二段7號B1,02-66068688分機356,
1,5396,F001926,萊爾富國際股份有限公司-北縣重旺店,卓東平,241新北市三重區尚德里仁愛街70號,02-66068688分機356,
1,5396,F001922,萊爾富國際股份有限公司-北縣西雲店,卓東平,248新北市五股區西雲路134、134之1號一樓,02-66068688分機356,
1,5396,F001914,萊爾富國際股份有限公司-北縣莊敬店,卓東平,231新北市新店區中正路525號,02-66068688分機356,
1,5396,F001912,萊爾富國際股份有限公司-北縣三峽店,卓東平,237新北市三峽區中正路一段75-1號,02-66068688分機356,
1,5396,F001911,萊爾富國際股份有限公司-北縣鷺江店,卓東平,247新北市蘆洲區民權路113號,02-66068688分機356,
1,5396,F001905,萊爾富國際股份有限公司-北縣和圓店,卓東平,235新北市中和區圓通路2.4.6號,02-66068688分機356,
1,5396,F001895,萊爾富國際股份有限公司-北縣三和二店,卓東平,241新北市三重區三和路三段137號,02-66068688分機356,
1,5396,F001894,萊爾富國際股份有限公司-北縣三愛店,卓東平,241新北市三重區仁愛街390號,02-66068688分機356,
1,5396,F001887,萊爾富國際股份有限公司-北縣蘆中店,卓東平,"247新北市蘆洲區中山一路287,289號",02-66068688分機356,
1,5396,F001877,萊爾富國際股份有限公司-北縣重愛店,卓東平,241新北市三重區仁愛街329號,02-66068688分機356,
1,5396,F001868,萊爾富國際股份有限公司-北縣淡虹店,卓東平,251新北市淡水區淡金路五段20-22號,02-66068688分機356,
1,5396,F001867,萊爾富國際股份有限公司-北縣橋安店,卓東平,235新北市中和區中山路二段352號,02-66068688分機356,
1,5396,F001865,萊爾富國際股份有限公司-北縣長安二店,卓東平,247新北市蘆洲區長安街66號,02-66068688分機356,
1,5396,F001861,萊爾富國際股份有限公司-北縣蘆旺店,卓東平,247新北市蘆洲區正和街47號,02-66068688分機356,
1,5396,F001858,萊爾富國際股份有限公司-北縣板好店,卓東平,220新北市板橋區中正路341巷37號,02-66068688分機356,
1,5396,F001854,萊爾富國際股份有限公司-北縣重國店,卓東平,241新北市三重區自強路二段76號,02-66068688分機356,
1,5396,F001850,萊爾富國際股份有限公司-北縣碇晨店,卓東平,223新北市石碇區湳窟路2號,02-66068688分機356,
1,5396,F001846,萊爾富國際股份有限公司-北縣竹林店,卓東平,235新北市中和區華新街143巷12號(竹林中學教學大樓一樓),02-66068688分機356,
1,5396,F001842,萊爾富國際股份有限公司-北縣樹太店,卓東平,238新北市樹林區太平路150巷38號,02-66068688分機356,
1,5396,F001841,萊爾富國際股份有限公司-北縣莊玲店,卓東平,242新北市新莊區自信街77號,02-66068688分機356,
1,5396,F001840,萊爾富國際股份有限公司-北縣莊勝店,卓東平,242新北市新莊區幸福路562號,02-66068688分機356,
1,5396,F001834,萊爾富國際股份有限公司-北縣重萬店,卓東平,241新北市三重區中華路94號1樓,02-66068688分機356,
1,5396,F001833,萊爾富國際股份有限公司-北縣水源店,卓東平,235新北市中和區水源路73號,02-66068688分機356,
1,5396,F001828,萊爾富國際股份有限公司-北縣五興店,卓東平,248新北市五股區中興路二段13號1樓,02-66068688分機356,
1,5396,F001823,萊爾富國際股份有限公司-北縣化成二店,卓東平,242新北市新莊區化成路205號之1,02-66068688分機356,
1,5396,F001819,萊爾富國際股份有限公司-北縣蘆永店,卓東平,247新北市蘆洲區永樂街33號,02-66068688分機356,
1,5396,F001817,萊爾富國際股份有限公司-北縣三民店,卓東平,"241新北市三重區三民街100,102號",02-66068688分機356,
1,5444,N000308,萊爾富國際股份有限公司-埤頭明苑店,卓東平,523彰化縣埤頭鄉文化路369號﹙明道管理學院﹚,02-66068688#356,
1,5444,N000296,萊爾富國際股份有限公司-和美明昌店,卓東平,508彰化縣和美鎮彰新路五段464號,02-66068688#356,
1,5444,N000295,萊爾富國際股份有限公司-鹿港彰鼎店,卓東平,505彰化縣鹿港鎮頂草路一段106號,02-66068688#356,
1,5444,M000168,萊爾富國際股份有限公司-南投投喜店,卓東平,557南投縣竹山鎮自強路1號,02-66068688分機356,
1,5444,L000666,萊爾富國際股份有限公司-豐原成功店,卓東平,"420臺中市豐原區成功路148,150號",02-66068688分機356,
1,5444,L000659,萊爾富國際股份有限公司-太平新福店,卓東平,411臺中市太平區中山路四段135-137號,02-66068688分機356,
1,5444,L000655,萊爾富國際股份有限公司-中縣彈正店,卓東平,437臺中市大甲區彈正路1號,02-66068688分機356,
1,5444,L000652,萊爾富國際股份有限公司-中縣龍翔店,卓東平,426臺中市新社區復盛村11鄰興社街二段32之5號(陸軍航特部),02-66068688分機356,
1,5444,L000650,萊爾富國際股份有限公司-中縣常春藤店,卓東平,427臺中市潭子區潭興路一段165巷320號(私立常春藤高中),02-66068688分機356,
1,5444,L000647,萊爾富國際股份有限公司-中縣大甲店,卓東平,437臺中市大甲區經國路407號,02-66068688分機356,
1,5444,L000644,萊爾富國際股份有限公司-中縣中寶店,卓東平,437臺中市大甲區幼獅路1號,02-66068688分機356,
1,5444,L000637,萊爾富國際股份有限公司-豐原辰光店,卓東平,420臺中市豐原區安康路100號(署立豐原醫院),02-66068688分機356,
1,5444,L000633,萊爾富國際股份有限公司-太平光德店,卓東平,411臺中市太平區光德路379號,02-66068688分機356,
1,5444,L000632,萊爾富國際股份有限公司-中縣神大店,卓東平,429臺中市神岡區庄前村6鄰神林路88-6號,02-66068688分機356,
1,5444,L000626,萊爾富國際股份有限公司-豐原豐南店,卓東平,420臺中市豐原區豐南街88號,02-66068688分機356,
1,5444,L000620,萊爾富國際股份有限公司-大里立人店,卓東平,412臺中市大里區中興路二段380號B1(私立立人高中),02-66068688分機356,
1,5444,L000617,萊爾富國際股份有限公司-太平華中店,卓東平,411臺中市太平區?仔坑26號(華盛頓中學內),02-66068688分機356,
1,5444,L000612,萊爾富國際股份有限公司-中縣中神店,卓東平,429臺中市神岡區中山路1590號,02-66068688分機356,
1,5444,L000611,萊爾富國際股份有限公司-中縣中潭店,卓東平,428臺中市大雅區雅潭路182號,02-66068688分機356,
1,5444,K000198,萊爾富國際股份有限公司-苗縣興華店,卓東平,351苗栗縣頭份市中正一路401號1樓(興華中學內),02-66068688分機356,
1,5444,K000195,萊爾富國際股份有限公司-苗栗苗茂店,卓東平,360苗栗縣苗栗市中正路1378號,02-66068688分機356,
1,5444,K000193,萊爾富國際股份有限公司-苗縣苗港店,卓東平,356苗栗縣後龍鎮水尾里8鄰67之3、4號,02-66068688分機356,
1,5444,K000192,萊爾富國際股份有限公司-苗栗苗信店,卓東平,360苗栗縣苗栗市信義街8、10號1樓,02-66068688分機356,
1,5444,K000190,萊爾富國際股份有限公司-苗縣竹南站店,卓東平,350苗栗縣竹南鎮中山路166號2樓(竹南火車站),02-66068688分機356,
1,5444,K000184,萊爾富國際股份有限公司-苗縣苑裡店,卓東平,358苗栗縣苑裡鎮介壽路2之7號,02-66068688分機356,
1,5444,K000179,萊爾富國際股份有限公司-苗縣苗仁店,卓東平,356苗栗縣後龍鎮溪洲里砂崙湖79-9號,02-66068688分機356,
1,5444,K000174,萊爾富國際股份有限公司-苗縣自強店,卓東平,351苗栗縣頭份市自強路150巷2之5號,02-66068688分機356,
1,5444,K000170,萊爾富國際股份有限公司-苗縣苗華店,卓東平,356苗栗縣後龍鎮光華路421號,02-66068688分機356,
1,5444,J000208,萊爾富國際股份有限公司-竹縣朝陽店,卓東平,310新竹縣竹東鎮朝陽路20號,02-66068688分機356,
1,5444,J000203,萊爾富國際股份有限公司-竹縣永順店,卓東平,303新竹縣湖口鄉安宅一街1號,02-66068688分機356,
1,5444,J000199,萊爾富國際股份有限公司-竹縣豐埔店,卓東平,304新竹縣新豐鄉埔和村7鄰埔頂186號,02-66068688分機356,
1,5444,J000193,萊爾富國際股份有限公司-竹縣尖石店,卓東平,313新竹縣尖石鄉嘉樂村3鄰麥樹仁100號,02-66068688分機356,
1,5444,J000189,萊爾富國際股份有限公司-竹北竹慶店,卓東平,302新竹縣竹北市中山路12號1樓,02-66068688分機356,
1,5444,J000187,萊爾富國際股份有限公司-竹北北泰店,卓東平,302新竹縣竹北市中和街30號,02-66068688分機356,
1,5444,J000177,萊爾富國際股份有限公司-竹縣湖丰店,卓東平,303新竹縣湖口鄉勝利村8鄰光復東路335-1號,02-66068688分機356,
1,5444,J000176,萊爾富國際股份有限公司-竹北竹博店,卓東平,302新竹縣竹北市博愛街336號,02-66068688分機356,
1,5444,J000174,萊爾富國際股份有限公司-竹北竹元店,卓東平,302新竹縣竹北市台元街26-3號,02-66068688分機356,
1,5444,J000169,萊爾富國際股份有限公司-竹縣富裕店,卓東平,307新竹縣芎林鄉福昌街393號1樓,02-66068688分機356,
1,5444,J000167,萊爾富國際股份有限公司-竹北竹凰店,卓東平,302新竹縣竹北市鳳岡路三段245號1樓,02-66068688分機356,
1,5444,J000164,萊爾富國際股份有限公司-竹縣長春店,卓東平,310新竹縣竹東鎮長春路二段53號,02-66068688分機356,
1,5444,J000163,萊爾富國際股份有限公司-竹縣竹祥店,卓東平,303新竹縣湖口鄉榮光路123號,02-66068688分機356,
1,5444,J000162,萊爾富國際股份有限公司-竹北竹北店,卓東平,302新竹縣竹北市中正西路82號,02-66068688分機356,
1,5444,J000161,萊爾富國際股份有限公司-竹北竹振店,卓東平,302新竹縣竹北市中華路348號,02-66068688分機356,
1,5444,I000146,萊爾富國際股份有限公司-嘉義義昌店,卓東平,600嘉義市西區民族路652號,02-66068688分機356,
1,5444,I000144,萊爾富國際股份有限公司-嘉義體育店,卓東平,600嘉義市東區體育路73號,02-66068688分機356,
1,8817,K000256,廣達機車行,彭劉玉英,363苗栗縣公館鄉鶴山村11鄰145號,037-226700,
1,8817,K000254,欣原合機車行,朱吉章,350苗栗縣竹南鎮大營路236號,037-466834,
1,8817,K000250,均堉車業行,黃順章,351苗栗縣頭份市自強里中華路1235號,037-696125,
1,8817,K000247,銘發機車行,傅紹發,351苗栗縣頭份市新華里12鄰中正一路106號,037-668391,
1,8817,K000245,合興機車行,邱徐月娥,366苗栗縣銅鑼鄉銅鑼村29鄰中正路64號,037-981165,
1,8817,D000402,巨新車業有限公司,蔡佳洲,701臺南市東區東門路二段35號,062369888,
1,8804,K000216,冠軍建材竹苗展示中心(偉訊股份有限公司),郭百良,350苗栗縣竹南鎮大埔里13鄰竹篙厝200號.,03-7561761#177,
1,8799,N000388,三永機車行,陳振成,500彰化縣彰化市彰南路二段2號,04-7384997,
1,8799,N000384,正一機車行,邱麗香,503彰化縣花壇鄉中山路１段４１１號１樓,04-7861038,
1,8799,N000377,芳裕機車行,徐振富,510彰化縣員林市育英路１５５號１樓﹒地下１樓,04-8340396,
1,8799,N000369,順進機車行,詹森林,511彰化縣社頭鄉員集路２段６０４號,04-8731277,
1,8799,N000357,安詮車業有限公司,蘇秀勤,503彰化縣花壇鄉花壇街２號１、２樓,04-7868787,
1,8799,N000349,東隆機車有限公司,徐錫恩,514彰化縣溪湖鎮員鹿路二段526號,04-8810261,
1,8799,N000344,連陞車業有限公司,林和貴,505彰化縣鹿港鎮民族路３０號,04-7773429,
1,8799,N000343,瑞挺車業行,陳勇兆,500彰化縣彰化市中山路二段四○一號,04-7241930,
1,8798,N000376,進成機車行,徐大杉,"510彰化縣員林市崙雅里 崙雅巷１－６號",04-8313271,
1,8798,N000358,幃祥有限公司,張振生,500彰化縣彰化市辭修路66號1F,04-7242209,
1,8797,N000358,幃祥有限公司,張振生,500彰化縣彰化市辭修路66號1F,04-7242209,
1,8796,N000388,三永機車行,陳振成,500彰化縣彰化市彰南路二段2號,04-7384997,
1,8796,N000384,正一機車行,邱麗香,503彰化縣花壇鄉中山路１段４１１號１樓,04-7861038,
1,8796,N000377,芳裕機車行,徐振富,510彰化縣員林市育英路１５５號１樓﹒地下１樓,04-8340396,
1,8796,N000369,順進機車行,詹森林,511彰化縣社頭鄉員集路２段６０４號,04-8731277,
1,8796,N000357,安詮車業有限公司,蘇秀勤,503彰化縣花壇鄉花壇街２號１、２樓,04-7868787,
1,8796,N000349,東隆機車有限公司,徐錫恩,514彰化縣溪湖鎮員鹿路二段526號,04-8810261,
1,8796,N000344,連陞車業有限公司,林和貴,505彰化縣鹿港鎮民族路３０號,04-7773429,
1,8796,N000343,瑞挺車業行,陳勇兆,500彰化縣彰化市中山路二段四○一號,04-7241930,
1,8795,P000324,凱發車行,陳俊彥,630雲林縣斗南鎮南昌路212號,05-5975022,
1,8795,D000403,金谷機車有限公司,張旭隆,701臺南市東區大同路一段137號,062140798,
1,8794,N000391,大益機車行,黃金蘭,510彰化縣員林市中山路２段５５８號,04-8313271,
1,8794,N000390,文冠機車行,黃陳桂花,500彰化縣彰化市中山路３段２９０號,04-7115655,
1,8794,N000350,昌盛車業有限公司,林昌敏,524彰化縣溪州鄉溪林路４０號,04-8895020,
1,8794,K000256,廣達機車行,彭劉玉英,363苗栗縣公館鄉鶴山村11鄰145號,037-226700,
1,8794,K000255,三鈴機車行,黃盈胤,360苗栗縣苗栗市中山路35號,037-2666662,
1,8794,K000254,欣原合機車行,朱吉章,350苗栗縣竹南鎮大營路236號,037-466834,
1,8794,K000250,均堉車業行,黃順章,351苗栗縣頭份市自強里中華路1235號,037-696125,
1,8794,K000249,大明機車行(苗),李奕霆,357苗栗縣通霄鎮通西里中山路25鄰197號,037-752217,
1,8794,K000247,銘發機車行,傅紹發,351苗栗縣頭份市新華里12鄰中正一路106號,037-668391,
1,8794,K000245,合興機車行,邱徐月娥,366苗栗縣銅鑼鄉銅鑼村29鄰中正路64號,037-981165,
1,8794,D000402,巨新車業有限公司,蔡佳洲,701臺南市東區東門路二段35號,062369888,
1,8793,Q000220,文欽機車行,何先生,613嘉義縣朴子市大同路174號,05-3798269,
1,8793,K000226,順興機車行,吳進欽,360苗栗縣苗栗市勝利里31鄰新東街160號,037-355930,
1,8793,D000401,新益昌車行,邱聖佳,701臺南市東區崇德路659號之10,06-2681111,
1,8793,D000393,KYMCO_佑新車業,郭峻棋,700臺南市中西區金華路三段148號,06-2220919,
1,8793,D000378,KYMCO_六億車業行,劉春枝,702臺南市南區中華西路一段147號,06-2630211,
1,8793,D000328,KYMCO_新安機車行,蔡宗憲,710臺南市永康區中華路379號,06-3035689,
1,8792,R000443,振富車業有限公司,曾治富,710臺南市永康區民族路483號,062710842,
1,8792,P000328,佺益車業有限公司,王煉城,640雲林縣斗六市文化路55號,05-5324088,
1,8792,N000391,大益機車行,黃金蘭,510彰化縣員林市中山路２段５５８號,04-8313271,
1,8792,N000380,進達車業有限公司,陳朝勝,512彰化縣永靖鄉瑚璉路３６５號,04-8239110,
1,8792,N000379,進程車業有限公司,黃寶玉,506彰化縣福興鄉沿海路３段１７３，１７５號,04-7702273,
1,8792,N000347,宏隆機車行,梁朝期,526彰化縣二林鎮新生路９４號,04-8960611,
1,8792,E000732,鈞慶車業股份有限公司,莊素貞,802高雄市苓雅區武營路437號,07-7527001,
1,8792,D000402,巨新車業有限公司,蔡佳洲,701臺南市東區東門路二段35號,062369888,
1,8613,N000265,7-11源益門市,廖培雁,526彰化縣二林鎮斗苑路4段720號,02-27478711#3961,
1,8613,N000262,7-11真愛門市,廖培雁,510彰化縣員林市大同路二段63號1樓,02-27478711#3961,
1,8613,N000255,7-11新斗中門市,廖培雁,521彰化縣北斗鎮中華路205號1樓,02-27478711#3961,
1,5444,I000141,萊爾富國際股份有限公司-嘉義新生店,卓東平,600嘉義市東區新生路798號,02-66068688分機356,
1,5444,H001107,萊爾富國際股份有限公司-桃市桃都店,卓東平,桃園市樹仁二街50號,02-66068688分機356,
1,5444,H001105,萊爾富國際股份有限公司-桃市森林店,卓東平,桃園市林森路29號,02-66068688分機356,
1,5444,H001101,萊爾富國際股份有限公司-桃縣桃丹店,卓東平,327桃園市新屋區中山路457號,02-66068688分機356,
1,5444,H001098,萊爾富國際股份有限公司-平鎮壢新店,卓東平,324桃園市平鎮區廣泰路75號(門診部),02-66068688分機356,
1,5444,H001092,萊爾富國際股份有限公司-八德華映店,卓東平,334桃園市八德區和平路1127號(中華映像管),02-66068688分機356,
1,5444,H001081,萊爾富國際股份有限公司-桃縣華航店,卓東平,337桃園市大園區航勤南路15號1樓部份(華航維修工廠員工餐廳內),02-66068688分機356,
1,5444,H001079,萊爾富國際股份有限公司-中壢桃合店,卓東平,320桃園市中壢區合圳北路二段47號1樓,02-66068688分機356,
1,5444,H001078,萊爾富國際股份有限公司-桃縣龍潭店,卓東平,325桃園市龍潭區中興路335號,02-66068688分機356,
1,5444,H001076,萊爾富國際股份有限公司-桃縣桃貿店,卓東平,333桃園市龜山區中興路265號,02-66068688分機356,
1,5444,H001075,萊爾富國際股份有限公司-桃縣桃亭店,卓東平,325桃園市龍潭區聖亭路126.128號1樓,02-66068688分機356,
1,5444,H001066,萊爾富國際股份有限公司-桃市桃磐店,卓東平,330桃園市桃園區建新街277號,02-66068688分機356,
1,5444,H001062,萊爾富國際股份有限公司-八德桃鑽店,卓東平,334桃園市八德區興豐路838.840號,02-66068688分機356,
1,5444,H001061,萊爾富國際股份有限公司-桃市桃亨店,卓東平,330桃園市桃園區大興西路二段8號,02-66068688分機356,
1,5444,H001059,萊爾富國際股份有限公司-桃縣南祥店,卓東平,333桃園市龜山區南上路164號,02-66068688分機356,
1,5444,H001058,萊爾富國際股份有限公司-桃縣桃子店,卓東平,338桃園市蘆竹區濱海路一段203號,02-66068688分機356,
1,5444,H001056,萊爾富國際股份有限公司-平鎮桃爺店,卓東平,324桃園市平鎮區關爺西路1.1-1號,02-66068688分機356,
1,5444,H001053,萊爾富國際股份有限公司-桃縣大園三店,卓東平,337桃園市大園區中山南路6號,02-66068688分機356,
1,5444,H001047,萊爾富國際股份有限公司-桃縣桃慶店,卓東平,333桃園市龜山區文化三路48.50號1樓,02-66068688分機356,
1,5444,H001044,萊爾富國際股份有限公司-桃縣桃岩店,卓東平,338桃園市蘆竹區南崁路二段66號1樓,02-66068688分機356,
1,5444,H001043,萊爾富國際股份有限公司-桃縣桃楚店,卓東平,338桃園市蘆竹區海山路二段262號,02-66068688分機356,
1,5444,H001036,萊爾富國際股份有限公司-桃縣桃環店,卓東平,338桃園市蘆竹區南工路150號,02-66068688分機356,
1,5444,H001031,萊爾富國際股份有限公司-八德桃德店,卓東平,334桃園市八德區中山路42號,02-66068688分機356,
1,5444,H001029,萊爾富國際股份有限公司-桃市桃旗店,卓東平,330桃園市桃園區建國路260號1樓,02-66068688分機356,
1,5444,H001020,萊爾富國際股份有限公司-中壢光中店,卓東平,320桃園市中壢區五光一街1號,02-66068688分機356,
1,5444,H001016,萊爾富國際股份有限公司-桃縣福源店,卓東平,325桃園市龍潭區福源路1號,02-66068688分機356,
1,5444,H001015,萊爾富國際股份有限公司-八德桃棒店,卓東平,334桃園市八德區大福街86號,02-66068688分機356,
1,5444,H001014,萊爾富國際股份有限公司-桃縣楊翔店,卓東平,326桃園市楊梅區楊湖路一段655、657號,02-66068688分機356,
1,5444,H001005,萊爾富國際股份有限公司-八德桃夢店,卓東平,334桃園市八德區永豐路230號,02-66068688分機356,
1,5444,H001004,萊爾富國際股份有限公司-桃縣內溪店,卓東平,338桃園市蘆竹區南山路二段429號,02-66068688分機356,
1,5444,H000998,萊爾富國際股份有限公司-桃市三民二店,卓東平,330桃園市桃園區自強路72號,02-66068688分機356,
1,5444,H000996,萊爾富國際股份有限公司-桃市桃版店,卓東平,330桃園市桃園區龍壽街202-8號,02-66068688分機356,
1,5444,H000994,萊爾富國際股份有限公司-桃縣桃紡店,卓東平,326桃園市楊梅區中山南路558號,02-66068688分機356,
1,5444,H000993,萊爾富國際股份有限公司-桃縣頂湖店,卓東平,333桃園市龜山區頂湖路1號,02-66068688分機356,
1,5444,H000987,萊爾富國際股份有限公司-桃市桃旗店,卓東平,330桃園市桃園區建國路260號1樓,02-66068688分機356,
1,5444,H000985,萊爾富國際股份有限公司-桃縣觀坪店,卓東平,328桃園市觀音區忠愛路三段2號,02-66068688分機356,
1,5444,H000981,萊爾富國際股份有限公司-中壢龍岡店,卓東平,320桃園市中壢區龍岡路3段117號,02-66068688分機356,
1,5444,H000975,萊爾富國際股份有限公司-八德德利店,卓東平,334桃園市八德區力行街117之1號1F,02-66068688分機356,
1,5444,H000974,萊爾富國際股份有限公司-八德松柏林店,卓東平,334桃園市八德區大興路670號,02-66068688分機356,
1,5444,H000972,萊爾富國際股份有限公司-平鎮高雙店,卓東平,324桃園市平鎮區高雙路2號,02-66068688分機356,
1,5444,H000968,萊爾富國際股份有限公司-桃縣桃晶店,卓東平,333桃園市龜山區文化三路316號,02-66068688分機356,
1,5444,H000965,萊爾富國際股份有限公司-八德桃昂店,卓東平,334桃園市八德區長興路576.578號,02-66068688分機356,
1,5444,H000956,萊爾富國際股份有限公司-桃縣龍潭二店,卓東平,325桃園市龍潭區中興路209號,02-66068688分機356,
1,5444,H000947,萊爾富國際股份有限公司-桃縣桃鵬店,卓東平,328桃園市觀音區大觀路二段313號,02-66068688分機356,
1,5444,H000945,萊爾富國際股份有限公司-桃縣龍吟店,卓東平,325桃園市龍潭區中原路一段506號,02-66068688分機356,
1,5396,F001811,萊爾富國際股份有限公司-北縣淡俊店,卓東平,251新北市淡水區北新路137、139號1F,02-66068688分機356,
1,5396,F001805,萊爾富國際股份有限公司-北縣樹博店,卓東平,238新北市樹林區博愛街84.86號,02-66068688分機356,
1,5396,F001803,萊爾富國際股份有限公司-北縣員山店,卓東平,235新北市中和區員山路502-7號,02-66068688分機356,
1,5396,F001800,萊爾富國際股份有限公司-北縣黎明店,卓東平,243新北市泰山區黎專路2號(黎明技術學院),02-66068688分機356,
1,5396,F001792,萊爾富國際股份有限公司-北縣永鑽店,卓東平,234新北市永和區竹林路69號1樓,02-66068688分機356,
1,5396,F001790,萊爾富國際股份有限公司-北縣寶翠店,卓東平,220新北市板橋區文化路二段439之1號,02-66068688分機356,
1,5396,F001788,萊爾富國際股份有限公司-北縣城堡店,卓東平,236新北市土城區延吉街251號,02-66068688分機356,
1,5396,F001780,萊爾富國際股份有限公司-北縣愛買店,卓東平,220新北市板橋區四川路一段489號,02-66068688分機356,
1,5396,F001779,萊爾富國際股份有限公司-北縣鶯駿店,卓東平,239新北市鶯歌區德昌街50號,02-66068688分機356,
1,5396,F001778,萊爾富國際股份有限公司-北縣民族店,卓東平,251新北市淡水區竹圍里民族路48號,02-66068688分機356,
1,5396,F001770,萊爾富國際股份有限公司-北縣莊富店,卓東平,"242新北市新莊區化成路738,740號",02-66068688分機356,
1,5396,F001767,萊爾富國際股份有限公司-北縣永任店,卓東平,234新北市永和區永和路二段217號1樓,02-66068688分機356,
1,5396,F001766,萊爾富國際股份有限公司-北縣重永店,卓東平,241新北市三重區永福街11號,02-66068688分機356,
1,5396,F001759,萊爾富國際股份有限公司-北縣重北店,卓東平,241新北市三重區中正北路274號,02-66068688分機356,
1,5396,F001758,萊爾富國際股份有限公司-北縣樹東店,卓東平,238新北市樹林區柑園街一段49號,02-66068688分機356,
1,5396,F001754,萊爾富國際股份有限公司-北縣五華店,卓東平,241新北市三重區五華街125號,02-66068688分機356,
1,5396,F001748,萊爾富國際股份有限公司-北縣鄧公店,卓東平,251新北市淡水區學府路49號,02-66068688分機356,
1,5396,F001744,萊爾富國際股份有限公司-北縣重集店,卓東平,241新北市三重區重新路四段176號,02-66068688分機356,
1,5396,F001737,萊爾富國際股份有限公司-北縣板治店,卓東平,220新北市板橋區民治街52巷1.3號,02-66068688分機356,
1,5396,F001733,萊爾富國際股份有限公司-北縣樹愛店,卓東平,238新北市樹林區保安街一段18-3號,02-66068688分機356,
1,5396,F001732,萊爾富國際股份有限公司-北縣板館店,卓東平,220新北市板橋區公館街110號,02-66068688分機356,
1,5396,F001729,萊爾富國際股份有限公司-北縣飛和店,卓東平,235新北市中和區永和路343號,02-66068688分機356,
1,5396,F001727,萊爾富國際股份有限公司-北縣新戰店,卓東平,231新北市新店區安民街136號,02-66068688分機356,
1,5396,F001726,萊爾富國際股份有限公司-北縣福音店,卓東平,241新北市三重區重新路四段89號,02-66068688分機356,
1,5396,F001723,萊爾富國際股份有限公司-北縣板莊店,卓東平,220新北市板橋區莊敬路248號,02-66068688分機356,
1,5396,F001720,萊爾富國際股份有限公司-北縣集美店,卓東平,241新北市三重區環河南路221巷31號,02-66068688分機356,
1,5396,F001717,萊爾富國際股份有限公司-北縣中央南店,卓東平,241新北市三重區中央南路8號,02-66068688分機356,
1,5396,F001707,萊爾富國際股份有限公司-北縣鶯歌店,卓東平,239新北市鶯歌區重慶街29號,02-66068688分機356,
1,5396,F001705,萊爾富國際股份有限公司-北縣重冠店,卓東平,241新北市三重區文化南路8號,02-66068688分機356,
1,5396,F001704,萊爾富國際股份有限公司-北縣五華二店,卓東平,241新北市三重區五華街72號,02-66068688分機356,
1,5396,F001699,萊爾富國際股份有限公司-北縣新權二店,卓東平,231新北市新店區民權路44之2號,02-66068688分機356,
1,5396,F001694,萊爾富國際股份有限公司-北縣八里店,卓東平,249新北市八里區中山路一段177號,02-66068688分機356,
1,5396,F001693,萊爾富國際股份有限公司-北縣金陽店,卓東平,208新北市金山鄉中正路26號,02-66068688分機356,
1,5396,F001689,萊爾富國際股份有限公司-北縣板同店,卓東平,220新北市板橋區大同街6號,02-66068688分機356,
1,5396,F001681,萊爾富國際股份有限公司-北縣徐匯店,卓東平,247新北市蘆洲區中山一路一號(匯心樓),02-66068688分機356,
1,5396,F001677,萊爾富國際股份有限公司-北縣自治店,卓東平,235新北市中和區自治街38.40號,02-66068688分機356,
1,5396,F001676,萊爾富國際股份有限公司-北縣重富店,卓東平,241新北市三重區光復路一段85號、85-2號,02-66068688分機356,
1,5396,F001675,萊爾富國際股份有限公司-北縣樹權店,卓東平,238新北市樹林區民權街1號,02-66068688分機356,
1,5396,F001672,萊爾富國際股份有限公司-北縣莊泰店,卓東平,242新北市新莊區瓊林里瓊泰路49號1樓,02-66068688分機356,
1,5396,F001670,萊爾富國際股份有限公司-北縣板雙店,卓東平,220新北市板橋區雙十路三段12、14、16號,02-66068688分機356,
1,5396,E000539,萊爾富國際股份有限公司-高市建工店,卓東平,807高雄市三民區建工路304號,02-66068688分機356,
1,5396,E000537,萊爾富國際股份有限公司-高市軍醫店,卓東平,802高雄市苓雅區中正一路2號(國軍802總醫院),02-66068688分機356,
1,5396,E000531,萊爾富國際股份有限公司-高市漁港店,卓東平,806高雄市前鎮區漁港中二路42號,02-66068688分機356,
1,5396,E000530,萊爾富國際股份有限公司-高市漢神店,卓東平,801高雄市前金區成功一路270號,02-66068688分機356,
1,5396,E000522,萊爾富國際股份有限公司-高市高旅店,卓東平,812高雄市小港區博學路579、581號,02-66068688分機356,
1,5444,H000944,萊爾富國際股份有限公司-中壢壢秀店,卓東平,320桃園市中壢區民族路45、47號,02-66068688分機356,
1,5444,H000940,萊爾富國際股份有限公司-桃市桃鼎店,卓東平,330桃園市桃園區國聖一街166號1樓,02-66068688分機356,
1,5444,H000938,萊爾富國際股份有限公司-桃縣桃青店,卓東平,326桃園市楊梅區青年路二段133號1樓,02-66068688分機356,
1,5444,H000932,萊爾富國際股份有限公司-桃市桃康店,卓東平,330桃園市桃園區長春路46號1.2樓,02-66068688分機356,
1,5444,H000930,萊爾富國際股份有限公司-桃縣桃橫店,卓東平,336桃園市復興區中正路275-9號,02-66068688分機356,
1,5444,H000923,萊爾富國際股份有限公司-桃縣桃神店,卓東平,325桃園市龍潭區神龍路235號,02-66068688分機356,
1,5444,H000922,萊爾富國際股份有限公司-八德桃尊店,卓東平,334桃園市八德區建國路871號1樓,02-66068688分機356,
1,5444,H000920,萊爾富國際股份有限公司-桃縣桃旺店,卓東平,338桃園市蘆竹區長興路三段217號,02-66068688分機356,
1,5444,H000912,萊爾富國際股份有限公司-桃縣幼獅店,卓東平,326桃園市楊梅區幼獅路二段388號,02-66068688分機356,
1,5444,H000907,萊爾富國際股份有限公司-桃市桃維店,卓東平,330桃園市桃園區漢中街111號,02-66068688分機356,
1,5444,H000904,萊爾富國際股份有限公司-桃縣桃華店,卓東平,334桃園市八德區和平路823號、825巷1號,02-66068688分機356,
1,5444,H000903,萊爾富國際股份有限公司-中壢工業店,卓東平,320桃園市中壢區自強一路100.102號,02-66068688分機356,
1,5444,H000895,萊爾富國際股份有限公司-桃市民有店,卓東平,330桃園市桃園區大有路145號,02-66068688分機356,
1,5444,H000889,萊爾富國際股份有限公司-桃縣南崁店,卓東平,338桃園市蘆竹區南山路一段27、29號,02-66068688分機356,
1,5444,H000887,萊爾富國際股份有限公司-桃縣園亨店,卓東平,337桃園市大園區三民路二段421-1號,02-66068688分機356,
1,5444,H000886,萊爾富國際股份有限公司-桃縣桃翁店,卓東平,325桃園市龍潭區中豐路711號,02-66068688分機356,
1,5444,H000883,萊爾富國際股份有限公司-桃縣桃頌店,卓東平,333桃園市龜山區大同路358.364號1樓,02-66068688分機356,
1,5444,H000877,萊爾富國際股份有限公司-桃市桃昌店,卓東平,330桃園市桃園區宏昌六街108號,02-66068688分機356,
1,5444,G000223,萊爾富國際股份有限公司-宜蘭新馬店,卓東平,270宜蘭縣蘇澳鎮馬賽路439號,02-66068688分機356,
1,5444,G000220,萊爾富國際股份有限公司-宜蘭中道店,卓東平,263宜蘭縣壯圍鄉功勞村功勞路12號(中道中學),02-66068688分機356,
1,5444,G000217,萊爾富國際股份有限公司-宜蘭聖母店,卓東平,266宜蘭縣三星鄉三星路二段265巷100號(聖母護專),02-66068688分機356,
1,5444,G000216,萊爾富國際股份有限公司-宜蘭三星店,卓東平,266宜蘭縣三星鄉月眉村太平路110號1樓,02-66068688分機356,
1,5444,G000215,萊爾富國際股份有限公司-宜蘭校舍店,卓東平,260宜蘭縣宜蘭市校舍路29巷28號,02-66068688分機356,
1,5444,G000214,萊爾富國際股份有限公司-宜蘭轉運站店,卓東平,260宜蘭縣宜蘭市林森路20號(國道客運轉運站),02-66068688分機356,
1,5444,G000011,喜互惠生鮮超市文化店,林椿敏,260宜蘭縣宜蘭市民族426號,03-9325000,
1,5444,G000010,喜互惠生鮮超市蘇澳店,林文良,270宜蘭縣蘇澳鎮蘇港路311號,03-9952000,
1,5444,G000008,喜互惠生鮮超市宜興店,曾婉真,260宜蘭縣宜蘭市宜興路一段273號,03-9356999,
1,5444,F001948,萊爾富國際股份有限公司-北縣板富店,卓東平,220新北市板橋區板新路1號,02-66068688分機356,
1,5444,F001947,萊爾富國際股份有限公司-北縣永安店,卓東平,231新北市新店區新和街75號,02-66068688分機356,
1,5444,F001943,萊爾富國際股份有限公司-北縣板震店,卓東平,220新北市板橋區中山路一段50巷5號,02-66068688分機356,
1,5444,F001941,萊爾富國際股份有限公司-北縣海山店,卓東平,236新北市土城區明德路二段131號,02-66068688分機356,
1,5444,F001937,萊爾富國際股份有限公司-北縣連城店,卓東平,235新北市中和區連城路47巷1號,02-66068688分機356,
1,5444,F001936,萊爾富國際股份有限公司-北縣員山二店,卓東平,235新北市中和區員山路581巷2號,02-66068688分機356,
1,5444,F001935,萊爾富國際股份有限公司-北縣江翠店,卓東平,220新北市板橋區文化路二段408號,02-66068688分機356,
1,5444,F001933,萊爾富國際股份有限公司-北縣新元店,卓東平,231新北市新店區信義里中興路三段304號1樓,02-66068688分機356,
1,5444,F001929,萊爾富國際股份有限公司-北縣莊月店,卓東平,242新北市新莊區中和街19號,02-66068688分機356,
1,5444,F001925,萊爾富國際股份有限公司-北縣永福店,卓東平,241新北市三重區永福街101號,02-66068688分機356,
1,5444,F001923,萊爾富國際股份有限公司-北縣建國店,卓東平,231新北市新店區中正路282之10號,02-66068688分機356,
1,5444,F001922,萊爾富國際股份有限公司-北縣西雲店,卓東平,248新北市五股區西雲路134、134之1號一樓,02-66068688分機356,
1,5444,F001921,萊爾富國際股份有限公司-北縣樹慶店,卓東平,238新北市樹林區柑園街二段292.294號1樓,02-66068688分機356,
1,5444,F001918,萊爾富國際股份有限公司-北縣五華三店,卓東平,241新北市三重區五華街60號,02-66068688分機356,
1,5444,F001916,萊爾富國際股份有限公司-北縣雙翠店,卓東平,220新北市板橋區雙十路二段45號,02-66068688分機356,
1,5444,F001906,萊爾富國際股份有限公司-北縣鶯國店,卓東平,"239新北市鶯歌區大湖路532,534號",02-66068688分機356,
1,5444,F001898,萊爾富國際股份有限公司-北縣莊達店,卓東平,242新北市新莊區中全里中誠街167號1樓,02-66068688分機356,
1,5444,F001893,萊爾富國際股份有限公司-北縣板龍店,卓東平,220新北市板橋區龍興街73巷2號,02-66068688分機356,
1,5396,E000521,萊爾富國際股份有限公司-高市高進店,卓東平,807高雄市三民區九如一路227號,02-66068688分機356,
1,5396,E000520,萊爾富國際股份有限公司-高市新港店,卓東平,806高雄市前鎮區新生路135之1號,02-66068688分機356,
1,5396,E000519,萊爾富國際股份有限公司-高市高富店,卓東平,813高雄市左營區富民路350號,02-66068688分機356,
1,5396,E000518,萊爾富國際股份有限公司-高市武慶店,卓東平,802高雄市苓雅區武慶三路74及76號,02-66068688分機356,
1,5396,E000514,萊爾富國際股份有限公司-高市陸橋店,卓東平,811高雄市楠梓區高楠公路1757號,02-66068688分機356,
1,5396,E000509,萊爾富國際股份有限公司-高市鎮榮店,卓東平,806高雄市前鎮區鎮興路107號,02-66068688分機356,
1,5396,E000506,萊爾富國際股份有限公司-高市雅福店,卓東平,802高雄市苓雅區福德二路5號,02-66068688分機356,
1,5396,E000505,萊爾富國際股份有限公司-高市興誠店,卓東平,813高雄市左營區明誠二路243號,02-66068688分機356,
1,5396,D000309,萊爾富國際股份有限公司-台南南慶店,卓東平,702臺南市南區西門路一段277號1樓,02-66068688分機356,
1,5396,D000308,萊爾富國際股份有限公司-台南南森店,卓東平,701臺南市東區林森路二段192巷29號,02-66068688分機356,
1,5396,D000301,萊爾富國際股份有限公司-台南南新店,卓東平,700臺南市中西區西門路一段580號,02-66068688分機356,
1,5396,B000554,萊爾富國際股份有限公司-台中大墩店,卓東平,407臺中市西屯區大墩二十街51號,02-66068688分機356,
1,5396,B000551,萊爾富國際股份有限公司-台中中慶店,卓東平,402臺中市南區大慶街二段27號1樓,02-66068688分機356,
1,5396,B000549,萊爾富國際股份有限公司-台中中集店,卓東平,407臺中市西屯區福林里10鄰福科路541號1樓,02-66068688分機356,
1,5396,B000539,萊爾富國際股份有限公司-台中中鑽店,卓東平,408臺中市南屯區工學路169號,02-66068688分機356,
1,5396,B000538,萊爾富國際股份有限公司-台中中御店,卓東平,408臺中市南屯區大墩路161號,02-66068688分機356,
1,5396,B000533,萊爾富國際股份有限公司-台中十甲東店,卓東平,"401臺中市東區十甲路442號,十甲東路665號",02-66068688分機356,
1,5396,B000525,萊爾富國際股份有限公司-中市中雙店,卓東平,400臺中市中區雙十路一段35號,02-66068688分機356,
1,5396,B000524,萊爾富國際股份有限公司-台中中文店,卓東平,402臺中市南區文心南路821號,02-66068688分機356,
1,5396,B000523,萊爾富國際股份有限公司-台中中園店,卓東平,407臺中市西屯區福雅路331號,02-66068688分機356,
1,5396,B000520,萊爾富國際股份有限公司-台中中河店,卓東平,407臺中市西屯區逢大路15號,02-66068688分機356,
1,5396,A001483,棉花田生機園地民生門市,方文哲,105臺北市松山區民生東路四段55巷30號1F,02-25791777#218,
1,5396,A001445,萊爾富國際股份有限公司-北市開利店,卓東平,"111臺北市士林區社子街142,144號",02-66068688分機356,
1,5396,A001441,萊爾富國際股份有限公司-北市正泉店,卓東平,100臺北市中正區泉州街31.34號1樓,02-66068688分機356,
1,5396,A001440,萊爾富國際股份有限公司-北市內湖二店,卓東平,114臺北市內湖區成功路二段318之1號,02-66068688分機356,
1,5396,A001435,萊爾富國際股份有限公司-北市社正店,卓東平,111臺北市士林區社正路27號,02-66068688分機356,
1,5396,A001433,萊爾富國際股份有限公司-北市港成店,卓東平,115臺北市南港區玉成街27之1號,02-66068688分機356,
1,5396,A001427,萊爾富國際股份有限公司-北市士東店,卓東平,111臺北市士林區中山北路六段429號,02-66068688分機356,
1,5396,A001419,萊爾富國際股份有限公司-北市延平二店,卓東平,111臺北市士林區延平北路五段138號,02-66068688分機356,
1,5396,A001417,萊爾富國際股份有限公司-北市港捷店,卓東平,115臺北市南港區經貿二路1號(南港展覽館),02-66068688分機356,
1,5396,A001416,萊爾富國際股份有限公司-北市正宏店,卓東平,100臺北市中正區八德路一段46號,02-66068688分機356,
1,5396,A001413,萊爾富國際股份有限公司-北市木新三店,卓東平,116臺北市文山區木新路二段163號,02-66068688分機356,
1,5396,A001412,萊爾富國際股份有限公司-北市安弘店,卓東平,106臺北市大安區安居街10號,02-66068688分機356,
1,5396,A001407,萊爾富國際股份有限公司-北市松柏店,卓東平,105臺北市松山區光復北路102號,02-66068688分機356,
1,5396,A001405,萊爾富國際股份有限公司-北市正童店,卓東平,100臺北市中正區中山南路8號(台大兒童綜合醫院),02-66068688分機356,
1,5396,A001402,萊爾富國際股份有限公司-北市寶德店,卓東平,105臺北市松山區南京東路5段61.63號,02-66068688分機356,
1,5396,A001396,萊爾富國際股份有限公司-北市中國店,卓東平,116臺北市文山區興隆路三段56號(中國科技大學),02-66068688分機356,
1,5165,S000217,7-11東敏門市,廖培雁,829高雄市湖內區湖東村東方路103-1、103-2號,02-27478711#3961,
1,5165,S000187,7-11中民門市,廖培雁,824高雄市燕巢區南燕村中民路663之9號,02-27478711#3961,
1,5165,S000186,7-11新隆豐門市,廖培雁,825高雄市橋頭區仕隆村隆豐路275號,02-27478711#3961,
1,5165,S000181,7-11鳳陽門市,廖培雁,830高雄市鳳山市鳳林路139號,02-27478711#3961,
1,5165,S000180,7-11鳳文門市,廖培雁,830高雄市鳳山市文衡路50號,02-27478711#3961,
1,5165,S000178,7-11仁雄門市,廖培雁,814高雄市仁武區灣內村鳳仁路47號,02-27478711#3961,
1,5165,S000172,7-11蕙馨門市,廖培雁,822高雄市阿蓮區阿蓮村中正路188-8號,02-27478711#3961,
1,5165,S000166,7-11醫守門市,廖培雁,824高雄市燕巢區角宿村義大路8號,02-27478711#3961,
1,5165,S000159,7-11台興門市,廖培雁,820高雄市岡山鎮台上里嘉新東路136號,02-27478711#3961,
1,5165,S000154,7-11工協門市,廖培雁,830高雄市鳳山市埤頂里建國路一段51號1樓,02-27478711#3961,
1,5165,S000152,7-11愛萣門市,廖培雁,852高雄市茄萣區仁愛路二段185.187號,02-27478711#3961,
1,5165,S000151,7-11甲圍門市,廖培雁,825高雄市橋頭區甲北村甲圍路71號,02-27478711#3961,
1,5165,S000150,7-11黃埔門市,廖培雁,830高雄市鳳山市鎮東里光遠路73號.,02-27478711#3961,
1,5165,S000149,7-11大社門市,廖培雁,815高雄市大社區翠屏村三民路304號,02-27478711#3961,
1,5165,S000146,7-11澄合門市,廖培雁,814高雄市仁武區灣內村仁光路160號,02-27478711#3961,
1,5165,S000138,7-11園東門市,廖培雁,832高雄市林園區東林村林園北路2號,02-27478711#3961,
1,5165,S000136,7-11長澄門市,廖培雁,833高雄市鳥松區大埤路123號,02-27478711#3961,
1,5165,S000127,7-11建泰門市,廖培雁,830高雄市鳳山市誠義路2號,02-27478711#3961,
1,5165,S000120,7-11永仁門市,廖培雁,814高雄市仁武區八卦村永仁街436號,02-27478711#3961,
1,5165,S000118,7-11新兆湘門市,廖培雁,820高雄市岡山鎮信義里介壽路10巷25弄9.15號,02-27478711#3961,
1,5165,S000117,7-11家恩門市,廖培雁,814高雄市仁武區中華路46號,02-27478711#3961,
